"Lipid","logFC","CI.L","CI.R","AveExpr","t","P.Value","adj.P.Val","B","log2FC","p_value","adj_p_value","Group","CLASS","SUBCLASS A","Individual_Notation","HMDB","KEGG","SubclassB","cat_volcano"
"Cer_02",0.0437146993486683,-0.14158739762936,0.229016796326696,0.112366397794392,0.474843338879943,0.637141961040363,0.999894227787678,-4.74700290301073,0.0437146993486683,0.637141961040363,0.999894227787678,"HIPE","Sphingolipids","Ceramides","Cer(d18:1/16:0)","HMDB04949","C00195","Sphingolipids","ns"
"Cer_03",-0.030815507648494,-0.35380417368153,0.292173158384542,0.130054851883369,-0.19203714118446,0.848557058916758,0.999894227787678,-4.77702699836354,-0.030815507648494,0.848557058916758,0.999894227787678,"HIPE","Sphingolipids","Ceramides","Cer(d18:1/20:0)","HMDB04951","C00195","Sphingolipids","ns"
"Cer_05",-0.0260864450923707,-0.338076973230085,0.285904083045343,-0.269928481379251,-0.168297118031166,0.867086212133778,0.999894227787678,-4.77839373073748,-0.0260864450923707,0.867086212133778,0.999894227787678,"HIPE","Sphingolipids","Ceramides","Cer(d18:1/22:0)","HMDB04952","C00195","Sphingolipids","ns"
"Cer_06",0.0325829879720149,-0.228927095933493,0.294093071877523,0.309398754781816,0.250787367291949,0.803093635066307,0.999894227787678,-4.77287302836586,0.0325829879720149,0.803093635066307,0.999894227787678,"HIPE","Sphingolipids","Ceramides","Cer(40:2)",NA,NA,"Sphingolipids","ns"
"Cer_07",0.00159720111219047,-0.29185032661778,0.295044728842161,-0.462726684165012,0.0109555033821606,0.991306251963733,0.999894227787678,-4.78290291580336,0.00159720111219047,0.991306251963733,0.999894227787678,"HIPE","Sphingolipids","Ceramides","Cer(d18:1/23:0)","HMDB00950",NA,"Sphingolipids","ns"
"Cer_09",-0.0396093457808827,-0.337013496653603,0.257794805091837,-0.478476176725556,-0.268073467502552,0.78983941262689,0.999894227787678,-4.77144185512271,-0.0396093457808827,0.78983941262689,0.999894227787678,"HIPE","Sphingolipids","Ceramides","Cer(d18:1/24:0)","HMDB04956","C00195","Sphingolipids","ns"
"Cer_10_Cer_11",-0.0029935901500594,-0.262348482221055,0.256361301920936,-0.228841464047649,-0.023232774932277,0.981564931420207,0.999894227787678,-4.78283577463722,-0.0029935901500594,0.981564931420207,0.999894227787678,"HIPE","Sphingolipids","Ceramides","Cer(d18:1/24:1)+Cer(d18:2/24:0)",NA,NA,"Sphingolipids","ns"
"Cer_12",0.0201968526809259,-0.248496044388047,0.288889749749899,0.0604297095657884,0.151297133545922,0.880401889112943,0.999894227787678,-4.77926200198689,0.0201968526809259,0.880401889112943,0.999894227787678,"HIPE","Sphingolipids","Ceramides","Cer(42:3)",NA,NA,"Sphingolipids","ns"
"Cer_13",-0.0578684665532934,-0.350038839905093,0.234301906798507,0.219987064844563,-0.398665805679421,0.69198123960824,0.999894227787678,-4.75757250768228,-0.0578684665532934,0.69198123960824,0.999894227787678,"HIPE","Sphingolipids","Ceramides","Cer(d18:1/18:0)","HMDB04950","C00195","Sphingolipids","ns"
"Cer_14",0.0928739718238981,-0.303080072229098,0.488828015876894,0.983870893792072,0.472120027994715,0.639069767986284,0.999894227787678,-4.74741205820105,0.0928739718238981,0.639069767986284,0.999894227787678,"HIPE","Sphingolipids","Ceramides","Cer(43:1)","HMDB04957","C00195","Sphingolipids","ns"
"Cer_15",-0.0986006683560206,-0.41089770680435,0.213696370092309,-0.169437876030935,-0.635499453324575,0.528246853240257,0.999894227787678,-4.71879429400766,-0.0986006683560206,0.528246853240257,0.999894227787678,"HIPE","Sphingolipids","Ceramides","Cer(d18:1/25:0)","HMDB04957","C00195","Sphingolipids","ns"
"Cho_01",0.0374760923744823,-0.0658560880819223,0.140808272830887,-0.0249203800406949,0.729998378329306,0.469086929002695,0.999894227787678,-4.69850259513895,0.0374760923744823,0.469086929002695,0.999894227787678,"HIPE","Sterols","Cholesterol and derivatives","Cholesterol","HMDB00067","C00187","Sterols","ns"
"ChoE_03",0.107033668018114,-0.081452984465871,0.2955203205021,-0.127668410224481,1.14299148678125,0.258947082008933,0.999894227787678,-4.57882404669693,0.107033668018114,0.258947082008933,0.999894227787678,"HIPE","Sterols","Cholesteryl Ester","ChoE(16:0)","HMDB00885","C11251","Sterols","ns"
"ChoE_04",0.155461817061997,-0.227692694609856,0.53861632873385,-0.0428519323109293,0.816682000677953,0.418313239694311,0.999894227787678,-4.6775196128834,0.155461817061997,0.418313239694311,0.999894227787678,"HIPE","Sterols","Cholesteryl Ester","ChoE(16:1)","HMDB00658","C02530","Sterols","ns"
"ChoE_06",-0.0919836682684737,-0.321095515830324,0.137128179293376,0.239468466780287,-0.808102342829155,0.423184801936449,0.999894227787678,-4.67969657442559,-0.0919836682684737,0.423184801936449,0.999894227787678,"HIPE","Sterols","Cholesteryl Ester","ChoE(18:0)","HMDB10368","C02530","Sterols","ns"
"ChoE_09",0.111179832066451,-0.186094711189595,0.408454375322496,-0.659046822506101,0.752785909572683,0.455408059271477,0.999894227787678,-4.69320482666026,0.111179832066451,0.455408059271477,0.999894227787678,"HIPE","Sterols","Cholesteryl Ester","ChoE(18:3)","HMDB10370","C02530","Sterols","ns"
"ChoE_11",0.135972556408917,-0.230149894067831,0.502095006885664,-0.199500960631671,0.747529077547106,0.458542895336364,0.999894227787678,-4.69444083225259,0.135972556408917,0.458542895336364,0.999894227787678,"HIPE","Sterols","Cholesteryl Ester","ChoE(20:3)","HMDB10373",NA,"Sterols","ns"
"ChoE_14",0.191041774999479,-0.132119274893018,0.514202824891976,-0.282728960095486,1.18990563844103,0.240179377361504,0.999894227787678,-4.56215753885524,0.191041774999479,0.240179377361504,0.999894227787678,"HIPE","Sterols","Cholesteryl Ester","ChoE(22:4)","HMDB06729","C02530","Sterols","ns"
"ChoE_15",0.174251328423424,-0.0993739451849977,0.447876602031846,-0.0642055779300204,1.28180829325871,0.206323262498178,0.999894227787678,-4.52777263768241,0.174251328423424,0.206323262498178,0.999894227787678,"HIPE","Sterols","Cholesteryl Ester","ChoE(22:5)","HMDB10375",NA,"Sterols","ns"
"ChoE_18",0.14101520878961,-0.138064454334796,0.420094871914015,-0.335854594970085,1.01704683581746,0.314442627495819,0.999894227787678,-4.62053505822466,0.14101520878961,0.314442627495819,0.999894227787678,"HIPE","Sterols","Cholesteryl Ester","ChoE(17:1)",NA,NA,"Sterols","ns"
"CMH_01",0.0173455577619667,-0.168748495532371,0.203439611056304,-0.174764728741038,0.18761128692724,0.852005232499106,0.999894227787678,-4.77729542207793,0.0173455577619667,0.852005232499106,0.999894227787678,"HIPE","Sphingolipids","Monohexosylceramides","CMH(d18:1/16:0)","HMDB04971","C01190","Sphingolipids","ns"
"CMH_02",-0.0177600805250469,-0.267828288737839,0.232308127687745,-0.218959460999142,-0.142951802742056,0.886951638879432,0.999894227787678,-4.77965449243041,-0.0177600805250469,0.886951638879432,0.999894227787678,"HIPE","Sphingolipids","Monohexosylceramides","CMH(d18:1/22:0)","HMDB04974","C01190","Sphingolipids","ns"
"CMH_03",-0.0195395519804322,-0.278272017608553,0.239192913647688,-0.635998658906589,-0.152008146224508,0.879844241648455,0.999894227787678,-4.77922753473053,-0.0195395519804322,0.879844241648455,0.999894227787678,"HIPE","Sphingolipids","Monohexosylceramides","CMH(d18:1/24:0)","HMDB04978",NA,"Sphingolipids","ns"
"CMH_09",0.0175459306503541,-0.249998601810207,0.285090463110915,0.06388031700747,0.132002913438678,0.895556803284258,0.999894227787678,-4.78013571424881,0.0175459306503541,0.895556803284258,0.999894227787678,"HIPE","Sphingolipids","Monohexosylceramides","CMH(d18:1/23:0)",NA,NA,"Sphingolipids","ns"
"DAPC03",0.101318969328841,-0.057418070886184,0.260056009543867,-0.0197709249079008,1.28474126416654,0.205304879714949,0.999894227787678,-4.52663792569024,0.101318969328841,0.205304879714949,0.999894227787678,"HIPE","Glycerophospholipids","Diacylglycerophosphocholine","PC(16:0/16:0)","HMDB00564","C00157","Glycerophospholipids","ns"
"DAPC04",0.141545697303177,-0.237252808997111,0.520344203603466,1.32618234072399,0.75212773326297,0.4557998696471,0.999894227787678,-4.69336003443044,0.141545697303177,0.4557998696471,0.999894227787678,"HIPE","Glycerophospholipids","Diacylglycerophosphocholine","PC(32:1)",NA,NA,"Glycerophospholipids","ns"
"DAPC05",0.176871841228326,-0.106685928890701,0.460429611347352,1.22774929042801,1.25551045251716,0.215624137176262,0.999894227787678,-4.5378441858905,0.176871841228326,0.215624137176262,0.999894227787678,"HIPE","Glycerophospholipids","Diacylglycerophosphocholine","PC(14:0/18:2)","HMDB07874","C00157","Glycerophospholipids","ns"
"DAPC06",-0.00889060269234105,-0.184707048206995,0.166925842822313,-0.725686519157751,-0.101782917508902,0.919370691626642,0.999894227787678,-4.78126526758772,-0.00889060269234105,0.919370691626642,0.999894227787678,"HIPE","Glycerophospholipids","Diacylglycerophosphocholine","PC(16:0/18:0)","HMDB07970","C00157","Glycerophospholipids","ns"
"DAPC07",0.056149340243735,-0.132789337463987,0.245088017951457,0.230641034177871,0.598173231601737,0.552653827244308,0.999894227787678,-4.72605861374888,0.056149340243735,0.552653827244308,0.999894227787678,"HIPE","Glycerophospholipids","Diacylglycerophosphocholine","PC(16:0/18:1)","HMDB07972","C00157","Glycerophospholipids","ns"
"DAPC09",0.238669069284049,-0.0848748676847158,0.562213006252814,0.768605634922284,1.48479351495173,0.144409090658797,0.999894227787678,-4.44394467946569,0.238669069284049,0.144409090658797,0.999894227787678,"HIPE","Glycerophospholipids","Diacylglycerophosphocholine","PC(14:0/20:4)","HMDB07883","C00157","Glycerophospholipids","ns"
"DAPC11",-0.131142701511149,-0.374791776407216,0.112506373384917,0.10910139769108,-1.08338432412333,0.284275373678506,0.999894227787678,-4.5991205554976,-0.131142701511149,0.284275373678506,0.999894227787678,"HIPE","Glycerophospholipids","Diacylglycerophosphocholine","PC(18:0/18:1)","HMDB08038","C00157","Glycerophospholipids","ns"
"DAPC12",-0.0562215282743828,-0.195068635141178,0.0826255785924129,0.179329201749495,-0.815021377821341,0.419253477462336,0.999894227787678,-4.67794267982955,-0.0562215282743828,0.419253477462336,0.999894227787678,"HIPE","Glycerophospholipids","Diacylglycerophosphocholine","PC(18:0/18:2)","HMDB08039","C00157","Glycerophospholipids","ns"
"DAPC13",-0.104838858840793,-0.41040503631421,0.200727318632624,-0.336752644601934,-0.690589851621939,0.493288097688968,0.999894227787678,-4.70729449856092,-0.104838858840793,0.493288097688968,0.999894227787678,"HIPE","Glycerophospholipids","Diacylglycerophosphocholine","PC(18:2/18:2)","HMDB08138","C00157","Glycerophospholipids","ns"
"DAPC14",0.0819179147298564,-0.0823918397786181,0.246227669238331,-0.00296445626315071,1.00350312686211,0.32085989393259,0.999894227787678,-4.62475344462475,0.0819179147298564,0.32085989393259,0.999894227787678,"HIPE","Glycerophospholipids","Diacylglycerophosphocholine","PC(16:0/20:4)","HMDB07982","C00157","Glycerophospholipids","ns"
"DAPC15",0.118409443115203,-0.24695255808009,0.483771444310496,0.305543738538181,0.652328194246473,0.517431148390081,0.999894227787678,-4.71537956792561,0.118409443115203,0.517431148390081,0.999894227787678,"HIPE","Glycerophospholipids","Diacylglycerophosphocholine","PC(16:0/20:5)","HMDB07984","C00157","Glycerophospholipids","ns"
"DAPC16",0.0304081316965521,-0.275322551248602,0.336138814641706,1.37332999017086,0.200195310174064,0.842208932604004,0.999894227787678,-4.77651585866448,0.0304081316965521,0.842208932604004,0.999894227787678,"HIPE","Glycerophospholipids","Diacylglycerophosphocholine","PC(18:3/18:3)","HMDB08206","C00157","Glycerophospholipids","ns"
"DAPC17",-0.103554628903801,-0.33681361017364,0.129704352366039,0.167334481732338,-0.893581832288493,0.376189952810205,0.999894227787678,-4.65703476654355,-0.103554628903801,0.376189952810205,0.999894227787678,"HIPE","Glycerophospholipids","Diacylglycerophosphocholine","PC(20:0/18:2)","HMDB08270","C00157","Glycerophospholipids","ns"
"DAPC18",-0.130210232331325,-0.405342831398851,0.1449223667362,0.586776330390423,-0.952590511519102,0.345768860990073,0.999894227787678,-4.64014014060676,-0.130210232331325,0.345768860990073,0.999894227787678,"HIPE","Glycerophospholipids","Diacylglycerophosphocholine","PC(18:0/20:3)","HMDB08046","C00157","Glycerophospholipids","ns"
"DAPC19",-0.0185966217150072,-0.222275841711854,0.18508259828184,-0.0581640731787905,-0.183776730994629,0.854995093582101,0.999894227787678,-4.77752293695373,-0.0185966217150072,0.854995093582101,0.999894227787678,"HIPE","Glycerophospholipids","Diacylglycerophosphocholine","PC(18:0/20:4)","HMDB08048","C00157","Glycerophospholipids","ns"
"DAPC20",0.0632933991236768,-0.142985145812213,0.269571944059567,-0.101450994042936,0.617600371791194,0.539879678878406,0.999894227787678,-4.72233109728095,0.0632933991236768,0.539879678878406,0.999894227787678,"HIPE","Glycerophospholipids","Diacylglycerophosphocholine","PC(38:5)",NA,NA,"Glycerophospholipids","ns"
"DAPC21",0.0238346339937793,-0.212986965828828,0.260656233816387,0.700796972939102,0.202577107117133,0.840357557954476,0.999894227787678,-4.77636263183901,0.0238346339937793,0.840357557954476,0.999894227787678,"HIPE","Glycerophospholipids","Diacylglycerophosphocholine","PC(38:5)",NA,NA,"Glycerophospholipids","ns"
"DAPC23",0.0481596648358101,-0.185565901118292,0.281885230789912,-0.23796879624894,0.414744298078868,0.680254076267032,0.999894227787678,-4.75549308510446,0.0481596648358101,0.680254076267032,0.999894227787678,"HIPE","Glycerophospholipids","Diacylglycerophosphocholine","PC(18:2/20:4)","HMDB08147","C00157","Glycerophospholipids","ns"
"DAPC24",0.01352599581686,-0.163923409153163,0.190975400786882,0.559802932202764,0.153425620960688,0.878732699699873,0.999894227787678,-4.77915833942675,0.01352599581686,0.878732699699873,0.999894227787678,"HIPE","Glycerophospholipids","Diacylglycerophosphocholine","PC(16:0/22:6)","HMDB07991","C00157","Glycerophospholipids","ns"
"DAPC26",-0.01850369483914,-0.343737634856677,0.306730245178397,0.063491156077138,-0.114515898618385,0.909326474176586,0.999894227787678,-4.78082490272586,-0.01850369483914,0.909326474176586,0.999894227787678,"HIPE","Glycerophospholipids","Diacylglycerophosphocholine","PC(18:0/22:4)","HMDB08054","C00157","Glycerophospholipids","ns"
"DAPC27",-0.0588735081474038,-0.226892037658828,0.109145021364021,0.14822077256195,-0.705287073389023,0.484182426593045,0.999894227787678,-4.70407056452228,-0.0588735081474038,0.484182426593045,0.999894227787678,"HIPE","Glycerophospholipids","Diacylglycerophosphocholine","PC(20:0/20:4)","HMDB08279","C00157","Glycerophospholipids","ns"
"DAPC28",-0.021473390026226,-0.287133815693125,0.244187035640673,0.896170073589109,-0.162696022802014,0.871469310558245,0.999894227787678,-4.77868998966283,-0.021473390026226,0.871469310558245,0.999894227787678,"HIPE","Glycerophospholipids","Diacylglycerophosphocholine","PC(40:5)",NA,NA,"Glycerophospholipids","ns"
"DAPC29",0.00343442933272643,-0.248361456023137,0.25523031468859,0.257235178349829,0.0274542221842589,0.978216031822188,0.999894227787678,-4.78280154812236,0.00343442933272643,0.978216031822188,0.999894227787678,"HIPE","Glycerophospholipids","Diacylglycerophosphocholine","PC(18:0/22:5)","HMDB08056","C00157","Glycerophospholipids","ns"
"DAPC30",-0.120814302451938,-0.356282989669357,0.114654384765481,0.930572517234069,-1.03273376522449,0.307119501223,0.999894227787678,-4.61558374562769,-0.120814302451938,0.307119501223,0.999894227787678,"HIPE","Glycerophospholipids","Diacylglycerophosphocholine","PC(18:0/22:6)","HMDB08057","C00157","Glycerophospholipids","ns"
"DAPC32",-0.0437816241178141,-0.27387152863635,0.186308280400721,0.367591943398739,-0.382998869879533,0.703482110737578,0.999894227787678,-4.75952052656698,-0.0437816241178141,0.703482110737578,0.999894227787678,"HIPE","Glycerophospholipids","Diacylglycerophosphocholine","PC(18:1/22:6)","HMDB08123","C00157","Glycerophospholipids","ns"
"DAPC34",-0.0507904925989703,-0.295200779048826,0.193619793850886,-0.175650764825991,-0.418279069472449,0.677686471303729,0.999894227787678,-4.75502504896297,-0.0507904925989703,0.677686471303729,0.999894227787678,"HIPE","Glycerophospholipids","Diacylglycerophosphocholine","PC(40:8)",NA,NA,"Glycerophospholipids","ns"
"DAPC37",-0.0145587989952763,-0.254330123869025,0.225212525878473,-0.0598681092071312,-0.122216965165478,0.903258755250796,0.999894227787678,-4.78053342762241,-0.0145587989952763,0.903258755250796,0.999894227787678,"HIPE","Glycerophospholipids","Diacylglycerophosphocholine","PC(22:4/20:4)","HMDB08640","C00157","Glycerophospholipids","ns"
"DAPC38",0.0473197390664913,-0.307967771674331,0.402607249807314,0.451347785781908,0.268080724325199,0.789833861279085,0.999894227787678,-4.77144123438339,0.0473197390664913,0.789833861279085,0.999894227787678,"HIPE","Glycerophospholipids","Diacylglycerophosphocholine","PC(16:1/18:2)","HMDB08006","C00157","Glycerophospholipids","ns"
"DAPC39_DAPC40",0.190413660062691,-0.175009290169448,0.55583661029483,0.736749150733731,1.04883089017194,0.299727045576814,0.999894227787678,-4.61043025467405,0.190413660062691,0.299727045576814,0.999894227787678,"HIPE","Glycerophospholipids","Diacylglycerophosphocholine","PC(34:3)",NA,NA,"Glycerophospholipids","ns"
"DAPC41_DAPC42",-0.0196951924328705,-0.216949366214797,0.177558981349056,0.173323723021017,-0.200972768589542,0.841604513317959,0.999894227787678,-4.77646604149706,-0.0196951924328705,0.841604513317959,0.999894227787678,"HIPE","Glycerophospholipids","Diacylglycerophosphocholine","PC(36:3)",NA,NA,"Glycerophospholipids","ns"
"DAPC44",0.152272263348868,-0.210694396213231,0.515238922910967,0.0321055739453452,0.844417561400089,0.402799774574835,0.999894227787678,-4.67033262972483,0.152272263348868,0.402799774574835,0.999894227787678,"HIPE","Glycerophospholipids","Diacylglycerophosphocholine","PC(16:1/20:4)",NA,NA,"Glycerophospholipids","ns"
"DAPC45",0.225156435002054,-0.0073258394938357,0.457638709497943,0.704403767698797,1.9493853865007,0.0573520913389869,0.999894227787678,-4.21456350337176,0.225156435002054,0.0573520913389869,0.999894227787678,"HIPE","Glycerophospholipids","Diacylglycerophosphocholine","PC(31:0)",NA,NA,"Glycerophospholipids","ns"
"DAPC46",0.358808596797728,-0.19808106137017,0.915698254965627,1.64299856478694,1.29705369003077,0.201104435098743,0.999894227787678,-4.52186126125589,0.358808596797728,0.201104435098743,0.999894227787678,"HIPE","Glycerophospholipids","Diacylglycerophosphocholine","PC(14:0/14:0)","HMDB07866","C00157","Glycerophospholipids","ns"
"DAPC47",0.337061934037347,-0.0864633182102683,0.760587186284963,1.46039950261188,1.60194851970086,0.11601098666448,0.999894227787678,-4.39084608184015,0.337061934037347,0.11601098666448,0.999894227787678,"HIPE","Glycerophospholipids","Diacylglycerophosphocholine","PC(30:0)",NA,NA,"Glycerophospholipids","ns"
"DAPC51",-0.036708370441114,-0.250575634561273,0.177158893679045,-0.143672266376684,-0.345480850629238,0.731305440754697,0.999894227787678,-4.76387123344733,-0.036708370441114,0.731305440754697,0.999894227787678,"HIPE","Glycerophospholipids","Diacylglycerophosphocholine","PC(40:1)",NA,NA,"Glycerophospholipids","ns"
"DAPE03",-0.0558062010029477,-0.502800201430453,0.391187799424558,0.710707122281507,-0.251303722535915,0.802698271739572,0.999894227787678,-4.77283139342667,-0.0558062010029477,0.802698271739572,0.999894227787678,"HIPE","Glycerophospholipids","Diacylglycerophosphoethanolamine","PE(16:0/18:2)","HMDB08928","C00350","Glycerophospholipids","ns"
"DAPE04",0.167791920890889,-0.157811486484141,0.49339532826592,0.791848670781616,1.03725441764539,0.305030947046176,0.999894227787678,-4.61414388513711,0.167791920890889,0.305030947046176,0.999894227787678,"HIPE","Glycerophospholipids","Diacylglycerophosphocholine","PC(16:0/17:0)",NA,NA,"Glycerophospholipids","ns"
"DAPE05",0.131127450185103,-0.164284016593383,0.42653891696359,0.942216814780576,0.893448359190205,0.376260644425919,0.999894227787678,-4.65707182952493,0.131127450185103,0.376260644425919,0.999894227787678,"HIPE","Glycerophospholipids","Diacylglycerophosphocholine","PC(33:1)",NA,NA,"Glycerophospholipids","ns"
"DAPE06",0.172595018146667,-0.0398283360246362,0.38501837231797,0.962421805167102,1.63541953896829,0.108776100572184,0.999894227787678,-4.37505059287756,0.172595018146667,0.108776100572184,0.999894227787678,"HIPE","Glycerophospholipids","Diacylglycerophosphocholine","PC(15:0/18:2)","HMDB07940","C00157","Glycerophospholipids","ns"
"DAPE08",-0.0958363774986703,-0.436802204391707,0.245129449394366,0.310222944673164,-0.565747604307564,0.574310670343004,0.999894227787678,-4.73202147158467,-0.0958363774986703,0.574310670343004,0.999894227787678,"HIPE","Glycerophospholipids","Diacylglycerophosphoethanolamine","PE(16:0/20:4)","HMDB08937","C00350","Glycerophospholipids","ns"
"DAPE11",0.135265124026383,-0.179376776767567,0.449907024820333,1.17823920252469,0.865311481653382,0.391351503149836,0.999894227787678,-4.66476821481422,0.135265124026383,0.391351503149836,0.999894227787678,"HIPE","Glycerophospholipids","Diacylglycerophosphocholine","PC(17:0/18:1)",NA,NA,"Glycerophospholipids","ns"
"DAPE12",0.0568885768154178,-0.172619926048312,0.286397079679148,0.286081599677187,0.498918350074508,0.620210897328718,0.999894227787678,-4.74328523273678,0.0568885768154178,0.620210897328718,0.999894227787678,"HIPE","Glycerophospholipids","Diacylglycerophosphocholine","PC(16:0/19:1)",NA,NA,"Glycerophospholipids","ns"
"DAPE13",0.132393835147602,-0.116836853011311,0.381624523306515,1.04395305601284,1.06922581224722,0.290538187024738,0.999894227787678,-4.60379548945514,0.132393835147602,0.290538187024738,0.999894227787678,"HIPE","Glycerophospholipids","Diacylglycerophosphocholine","PC(17:1/18:1)",NA,NA,"Glycerophospholipids","ns"
"DAPE14",0.0336709916107581,-0.147330460167724,0.21467244338924,0.387308758140322,0.374435516692389,0.709798297997962,0.999894227787678,-4.76055263661005,0.0336709916107581,0.709798297997962,0.999894227787678,"HIPE","Glycerophospholipids","Diacylglycerophosphocholine","PC(17:0/18:2)",NA,NA,"Glycerophospholipids","ns"
"DAPE15",0.0147548376812854,-0.236496674373668,0.266006349736239,0.0195907780468229,0.118203120109159,0.90642058451951,0.999894227787678,-4.78068771008663,0.0147548376812854,0.90642058451951,0.999894227787678,"HIPE","Glycerophospholipids","Diacylglycerophosphocholine","PC(17:1/18:2)",NA,NA,"Glycerophospholipids","ns"
"DAPE17",0.193790857981386,-0.0622542236911517,0.449835939653924,0.721845138341044,1.52342134339973,0.134488703559078,0.999894227787678,-4.42680538376325,0.193790857981386,0.134488703559078,0.999894227787678,"HIPE","Glycerophospholipids","Diacylglycerophosphocholine","PC(15:0/20:4)","HMDB07949","C00157","Glycerophospholipids","ns"
"DAPE18",-0.0476281313556423,-0.36955271755714,0.274296454845856,0.170102947834047,-0.297791697177691,0.767200951772761,0.999894227787678,-4.76875975204838,-0.0476281313556423,0.767200951772761,0.999894227787678,"HIPE","Glycerophospholipids","Diacylglycerophosphoethanolamine","PE(18:0/20:4)","HMDB09003","C00350","Glycerophospholipids","ns"
"DAPE21",-0.102520925993696,-0.488680384425422,0.28363853243803,0.892136573604344,-0.534378567898143,0.595649162812314,0.999894227787678,-4.73748102692687,-0.102520925993696,0.595649162812314,0.999894227787678,"HIPE","Glycerophospholipids","Diacylglycerophosphoethanolamine","PE(16:0/22:6)","HMDB08946","C00350","Glycerophospholipids","ns"
"DAPE23",-0.0629853761954782,-0.275544500228141,0.149573747837184,0.721618463923404,-0.596435059708436,0.553804170621121,0.999894227787678,-4.72638646671541,-0.0629853761954782,0.553804170621121,0.999894227787678,"HIPE","Glycerophospholipids","Diacylglycerophosphocholine","PC(37:2)",NA,NA,"Glycerophospholipids","ns"
"DAPE24",0.0624230173945638,-0.199211464882512,0.324057499671639,0.69613500456833,0.480234066480589,0.633333394227552,0.999894227787678,-4.7461861656063,0.0624230173945638,0.633333394227552,0.999894227787678,"HIPE","Glycerophospholipids","Diacylglycerophosphocholine","PC(19:1/18:2)",NA,NA,"Glycerophospholipids","ns"
"DAPE25",-0.0350849145447685,-0.282691499745178,0.212521670655641,0.516908085825142,-0.285207814439527,0.776763221654308,0.999894227787678,-4.76992964778656,-0.0350849145447685,0.776763221654308,0.999894227787678,"HIPE","Glycerophospholipids","Diacylglycerophosphocholine","PC(17:0/20:3)",NA,NA,"Glycerophospholipids","ns"
"DAPE26",0.20558845950354,-0.118319840086441,0.529496759093522,1.02647236706555,1.27755570136146,0.207806564988073,0.999894227787678,-4.52941381677296,0.20558845950354,0.207806564988073,0.999894227787678,"HIPE","Glycerophospholipids","Diacylglycerophosphocholine","PC(17:0/20:4)",NA,NA,"Glycerophospholipids","ns"
"DAPE28",0.113843245561509,-0.190658458511913,0.418344949634931,0.294178380943565,0.752524648341685,0.455563563854286,0.999894227787678,-4.69326645152974,0.113843245561509,0.455563563854286,0.999894227787678,"HIPE","Glycerophospholipids","Diacylglycerophosphocholine","PC(37:5)",NA,NA,"Glycerophospholipids","ns"
"DAPE30",0.0265409063827065,-0.264787431068544,0.317869243833957,1.60248636708977,0.183373345321528,0.855309745318346,0.999894227787678,-4.77754659851607,0.0265409063827065,0.855309745318346,0.999894227787678,"HIPE","Glycerophospholipids","Diacylglycerophosphocholine","PC(15:0/22:6)","HMDB07958","C00157","Glycerophospholipids","ns"
"DAPE42",-0.21406741855764,-0.617234608304452,0.189099771189171,-0.366237707415895,-1.06873142304276,0.290758592404794,0.999894227787678,-4.60395770999107,-0.21406741855764,0.290758592404794,0.999894227787678,"HIPE","Glycerophospholipids","Diacylglycerophosphoethanolamine","PE(18:0/18:1)",NA,NA,"Glycerophospholipids","ns"
"DAPI01",-0.0545528757026526,-0.431954570375969,0.322848818970664,0.150442943240485,-0.290949082013487,0.772396099339292,0.999894227787678,-4.76940212061354,-0.0545528757026526,0.772396099339292,0.999894227787678,"HIPE","Glycerophospholipids","Diacylglycerophosphoinositol","PI(16:0/18:1)","HMDB09783","C00626","Glycerophospholipids","ns"
"DAPI02",-0.0888294088064115,-0.482662126441135,0.305003308828312,-0.159548543542337,-0.453991966240186,0.651966186438698,0.999894227787678,-4.75007662065827,-0.0888294088064115,0.651966186438698,0.999894227787678,"HIPE","Glycerophospholipids","Diacylglycerophosphoinositol","PI(16:0/18:2)","HMDB09784","C00626","Glycerophospholipids","ns"
"DAPI03",-0.387181493561015,-0.696900985840201,-0.0774620012818282,-0.499975082921844,-2.51622365270847,0.0154085222267624,0.999894227787678,-3.87523136569823,-0.387181493561015,0.0154085222267624,0.999894227787678,"HIPE","Glycerophospholipids","Diacylglycerophosphoinositol","PI(18:0/18:1)","HMDB09837","C00626","Glycerophospholipids","Glycerophospholipids"
"DAPI04",-0.105912453736798,-0.423830168667471,0.212005261193875,-0.467494912398453,-0.670556674627851,0.505850752233224,0.999894227787678,-4.71158329091346,-0.105912453736798,0.505850752233224,0.999894227787678,"HIPE","Glycerophospholipids","Diacylglycerophosphoinositol","PI(18:0/18:2)","HMDB09809","C00626","Glycerophospholipids","ns"
"DAPI05",-0.0354337570532867,-0.333586510972586,0.262718996866013,0.313650942416659,-0.239211231208497,0.812002788923566,0.999894227787678,-4.77377838360942,-0.0354337570532867,0.812002788923566,0.999894227787678,"HIPE","Glycerophospholipids","Diacylglycerophosphoinositol","PI(18:0/20:3)","HMDB09813","C00626","Glycerophospholipids","ns"
"DAPI06",0.0536307580435424,-0.292988305347183,0.400249821434267,0.321617635483505,0.311433035953779,0.756876380201976,0.999894227787678,-4.76743487788825,0.0536307580435424,0.756876380201976,0.999894227787678,"HIPE","Glycerophospholipids","Diacylglycerophosphoinositol","PI(18:0/20:4)","HMDB09815","C00626","Glycerophospholipids","ns"
"DG02",-0.145969433916756,-0.744986036746959,0.453047168913448,-0.865227940386203,-0.490575618814773,0.626070953020231,0.999894227787678,-4.74458957014984,-0.145969433916756,0.626070953020231,0.999894227787678,"HIPE","Glycerolipids","Diacylglycerols","DG(32:0)",NA,NA,"Glycerolipids","ns"
"DG03",-0.0604042236999468,-0.656812956582753,0.536004509182859,-0.351140189728678,-0.203894828031075,0.839339780845354,0.999894227787678,-4.77627615618266,-0.0604042236999468,0.839339780845354,0.999894227787678,"HIPE","Glycerolipids","Diacylglycerols","DG(32:1)",NA,NA,"Glycerolipids","ns"
"DG04",-0.0796006766897458,-0.603635134077391,0.444433780697899,-0.487717121432296,-0.305777391625614,0.761156903780789,0.999894227787678,-4.76799018804593,-0.0796006766897458,0.761156903780789,0.999894227787678,"HIPE","Glycerolipids","Diacylglycerols","DG(32:2)",NA,NA,"Glycerolipids","ns"
"DG05",-0.222086883661909,-0.704605882813254,0.260432115489437,-0.23957716933439,-0.926459947218279,0.359041184679077,0.999894227787678,-4.6477455430052,-0.222086883661909,0.359041184679077,0.999894227787678,"HIPE","Glycerolipids","Diacylglycerols","DG(34:0)",NA,NA,"Glycerolipids","ns"
"DG06",-0.175217000456433,-0.654887199945743,0.304453199032877,-1.1632462999309,-0.735278149948128,0.465901597700758,0.999894227787678,-4.69728779195582,-0.175217000456433,0.465901597700758,0.999894227787678,"HIPE","Glycerolipids","Diacylglycerols","DG(34:1)",NA,NA,"Glycerolipids","ns"
"DG07",-0.192085220991221,-0.664818170232359,0.280647728249917,-1.03343244090078,-0.817892517352556,0.417634018908309,0.999894227787678,-4.67720946310283,-0.192085220991221,0.417634018908309,0.999894227787678,"HIPE","Glycerolipids","Diacylglycerols","DG(34:2)",NA,NA,"Glycerolipids","ns"
"DG08",-0.126085520600502,-0.551118962309598,0.298947921108594,-0.497950677033739,-0.597118148414997,0.553355675209082,0.999894227787678,-4.72625666385939,-0.126085520600502,0.553355675209082,0.999894227787678,"HIPE","Glycerolipids","Diacylglycerols","DG(36:2)",NA,NA,"Glycerolipids","ns"
"DG09",-0.121735326137804,-0.518764434645176,0.275293782369568,-0.582132427197966,-0.617159563654317,0.540167827900017,0.999894227787678,-4.72241696065129,-0.121735326137804,0.540167827900017,0.999894227787678,"HIPE","Glycerolipids","Diacylglycerols","DG(36:3)",NA,NA,"Glycerolipids","ns"
"DG10",-0.0214177273580988,-0.488407076173664,0.445571621457466,-1.6539689397366,-0.0923176131668915,0.926846475814793,0.999894227787678,-4.78155901352041,-0.0214177273580988,0.926846475814793,0.999894227787678,"HIPE","Glycerolipids","Diacylglycerols","DG(36:4)",NA,NA,"Glycerolipids","ns"
"DG11",0.0198879504839591,-0.318735284859668,0.358511185827586,-0.335949117103461,0.11821605530547,0.906410392578244,0.999894227787678,-4.78068722115449,0.0198879504839591,0.906410392578244,0.999894227787678,"HIPE","Glycerolipids","Diacylglycerols","DG(36:4)",NA,NA,"Glycerolipids","ns"
"DG12",0.160458559126111,-0.348198550411761,0.669115668663982,-0.316198478924517,0.634973975219933,0.528590481960383,0.999894227787678,-4.71889838493547,0.160458559126111,0.528590481960383,0.999894227787678,"HIPE","Glycerolipids","Diacylglycerols","DG(36:4)",NA,NA,"Glycerolipids","ns"
"DG33",3.85545644602685e-05,-0.582271981376525,0.582349090505446,-0.948910577073119,0.000133291989348868,0.999894227787678,0.999894227787678,-4.78292211196737,3.85545644602685e-05,0.999894227787678,0.999894227787678,"HIPE","Glycerolipids","Diacylglycerols","DG(30:0)",NA,NA,"Glycerolipids","ns"
"DG57",-0.293327838458399,-0.829147862841992,0.242492185925194,-0.44495206000095,-1.10202746296257,0.276200372833088,0.999894227787678,-4.59287946886939,-0.293327838458399,0.276200372833088,0.999894227787678,"HIPE","Glycerolipids","Diacylglycerols","DG(36:1)",NA,NA,"Glycerolipids","ns"
"DG63",-0.0186510913648786,-0.278988093117641,0.241685910387883,-0.207516418678795,-0.14420208471511,0.885969847886759,0.999894227787678,-4.77959710590095,-0.0186510913648786,0.885969847886759,0.999894227787678,"HIPE","Glycerolipids","Diacylglycerols","DG(38:4)",NA,NA,"Glycerolipids","ns"
"DG66",0.0818594372110276,-0.274975611787662,0.438694486209718,0.176617816541695,0.461747377788715,0.646435472382093,0.999894227787678,-4.74894925592082,0.0818594372110276,0.646435472382093,0.999894227787678,"HIPE","Glycerolipids","Diacylglycerols","DG(38:5)",NA,NA,"Glycerolipids","ns"
"MEMAPC01",0.0827780435990974,-0.165875009353469,0.331431096551664,0.653276134888892,0.67007675174718,0.506153827600055,0.999894227787678,-4.71168453782917,0.0827780435990974,0.506153827600055,0.999894227787678,"HIPE","Glycerophospholipids","1-ether, 2-acylglycerophosphocholine","PC(O-16:0/14:0)",NA,NA,"Glycerophospholipids","ns"
"MEMAPC02",0.207627874414062,-0.0524193990933314,0.467675147921456,0.390414675728153,1.6070764665004,0.114870535926634,0.999894227787678,-4.38843343449668,0.207627874414062,0.114870535926634,0.999894227787678,"HIPE","Glycerophospholipids","1-ether, 2-acylglycerophosphocholine","PC(P-16:0/14:0)","HMDB11203",NA,"Glycerophospholipids","ns"
"MEMAPC03",0.0379174626498434,-0.174281833048834,0.25011675834852,0.33289090050972,0.359665281863333,0.720740904363345,0.999894227787678,-4.76227854462823,0.0379174626498434,0.720740904363345,0.999894227787678,"HIPE","Glycerophospholipids","1-ether, 2-acylglycerophosphocholine","PC(O-16:0/16:0)",NA,NA,"Glycerophospholipids","ns"
"MEMAPC04",0.168584795926447,-0.0483903744285695,0.385559966281464,0.00599467005135719,1.56390927330719,0.124682610641187,0.999894227787678,-4.40844610619199,0.168584795926447,0.124682610641187,0.999894227787678,"HIPE","Glycerophospholipids","1-ether, 2-acylglycerophosphocholine","PC(P-16:0/16:0)","HMDB11206",NA,"Glycerophospholipids","ns"
"MEMAPC05",-0.0255625356469782,-0.271354091184577,0.220229019890621,0.114097065406229,-0.209334187528632,0.83511026418766,0.999894227787678,-4.77591809945619,-0.0255625356469782,0.83511026418766,0.999894227787678,"HIPE","Glycerophospholipids","1-ether, 2-acylglycerophosphocholine","PC(O-34:0)",NA,NA,"Glycerophospholipids","ns"
"MEMAPC06",0.00543132013948697,-0.18380855863772,0.194671198916694,0.00968824980992869,0.0577691436004508,0.954182353653871,0.999894227787678,-4.78238831261012,0.00543132013948697,0.954182353653871,0.999894227787678,"HIPE","Glycerophospholipids","1-ether, 2-acylglycerophosphocholine","PC(O-34:1)",NA,NA,"Glycerophospholipids","ns"
"MEMAPC07",-0.0621803525198486,-0.371751908640207,0.247391203600509,-0.405716710926812,-0.404292158426615,0.687868683880453,0.999894227787678,-4.75685409253027,-0.0621803525198486,0.687868683880453,0.999894227787678,"HIPE","Glycerophospholipids","1-ether, 2-acylglycerophosphocholine","PC(O-16:0/18:2)","HMDB11151",NA,"Glycerophospholipids","ns"
"MEMAPC08",0.168522422969569,-0.136756907540214,0.473801753479351,-0.16549822775303,1.11112644082464,0.272279167742814,0.999894227787678,-4.58979747543827,0.168522422969569,0.272279167742814,0.999894227787678,"HIPE","Glycerophospholipids","1-ether, 2-acylglycerophosphocholine","PC(P-16:0/18:1)",NA,NA,"Glycerophospholipids","ns"
"MEMAPC09",0.0746801718225652,-0.158319012373052,0.307679356018182,-0.576002503510322,0.645140187904184,0.522036301213111,0.999894227787678,-4.71684867798219,0.0746801718225652,0.522036301213111,0.999894227787678,"HIPE","Glycerophospholipids","1-ether, 2-acylglycerophosphocholine","PC(P-16:0/18:2)","HMDB11211",NA,"Glycerophospholipids","ns"
"MEMAPC11",0.0432351873983782,-0.167395854858473,0.253866229655229,-0.428617968305533,0.41315989393189,0.681406209844255,0.999894227787678,-4.75570160171504,0.0432351873983782,0.681406209844255,0.999894227787678,"HIPE","Glycerophospholipids","1-ether, 2-acylglycerophosphocholine","PC(O-18:1/18:1)",NA,NA,"Glycerophospholipids","ns"
"MEMAPC12",-0.137027797484708,-0.409504525923031,0.135448930953615,-0.23354104123629,-1.01223756257876,0.31671130343131,0.999894227787678,-4.62203897629444,-0.137027797484708,0.31671130343131,0.999894227787678,"HIPE","Glycerophospholipids","1-ether, 2-acylglycerophosphocholine","PC(O-18:0/18:2)","HMDB13418",NA,"Glycerophospholipids","ns"
"MEMAPC13",-0.0914161248504896,-0.384611748865263,0.201779499164284,-0.485284640546448,-0.6275791573137,0.53337804064248,0.999894227787678,-4.72037142661435,-0.0914161248504896,0.53337804064248,0.999894227787678,"HIPE","Glycerophospholipids","1-ether, 2-acylglycerophosphocholine","PC(O-18:1/18:2)",NA,NA,"Glycerophospholipids","ns"
"MEMAPC14",0.0152066844560905,-0.227867826133954,0.258281195046135,0.444394521860158,0.125921040184759,0.900342345394414,0.999894227787678,-4.78038648651755,0.0152066844560905,0.900342345394414,0.999894227787678,"HIPE","Glycerophospholipids","1-ether, 2-acylglycerophosphocholine","PC(O-16:0/20:3)",NA,NA,"Glycerophospholipids","ns"
"MEMAPC15_MEMAPC16",0.0148553888943462,-0.226743039595016,0.256453817383708,-0.633410872503344,0.123763649957393,0.902040803984749,0.999894227787678,-4.7804726033083,0.0148553888943462,0.902040803984749,0.999894227787678,"HIPE","Glycerophospholipids","1-ether, 2-acylglycerophosphocholine","PC(P-36:2)",NA,NA,"Glycerophospholipids","ns"
"MEMAPC17",0.0297396982039535,-0.165807193860166,0.225286590268073,0.0336047316330406,0.306117971967445,0.760893925439271,0.999894227787678,-4.76795809450832,0.0297396982039535,0.760893925439271,0.999894227787678,"HIPE","Glycerophospholipids","1-ether, 2-acylglycerophosphocholine","PC(O-16:0/20:4)","HMDB13407",NA,"Glycerophospholipids","ns"
"MEMAPC18",0.155723619536501,-0.156806922928797,0.468254162001799,-0.244570062640162,1.0029175063047,0.321139351906136,0.999894227787678,-4.62493466209935,0.155723619536501,0.321139351906136,0.999894227787678,"HIPE","Glycerophospholipids","1-ether, 2-acylglycerophosphocholine","PC(P-16:0/20:3)",NA,NA,"Glycerophospholipids","ns"
"MEMAPC19",0.152584808069156,-0.0638421845113266,0.369011800649638,-0.513241074866529,1.41906751834836,0.162609809431083,0.999894227787678,-4.47224830359495,0.152584808069156,0.162609809431083,0.999894227787678,"HIPE","Glycerophospholipids","1-ether, 2-acylglycerophosphocholine","PC(P-16:0/20:4)",NA,NA,"Glycerophospholipids","ns"
"MEMAPC20",-0.022922181993037,-0.249222167219988,0.203377803233914,0.0578336533949655,-0.203879997236342,0.839345204420613,0.999894227787678,-4.77627804923923,-0.022922181993037,0.839345204420613,0.999894227787678,"HIPE","Glycerophospholipids","1-ether, 2-acylglycerophosphocholine","PC(O-38:4)",NA,NA,"Glycerophospholipids","ns"
"MEMAPC21",0.0794312958645147,-0.115366997871417,0.274229589600447,0.0255551946487471,0.820747724990195,0.416016662465359,0.999894227787678,-4.67648035356991,0.0794312958645147,0.416016662465359,0.999894227787678,"HIPE","Glycerophospholipids","1-ether, 2-acylglycerophosphocholine","PC(O-16:0/22:4)",NA,NA,"Glycerophospholipids","ns"
"MEMAPC22",0.00527207993046234,-0.203050186207404,0.213594346068329,0.00691050061199071,0.0509388907068498,0.959594432032001,0.999894227787678,-4.78250707154589,0.00527207993046234,0.959594432032001,0.999894227787678,"HIPE","Glycerophospholipids","1-ether, 2-acylglycerophosphocholine","PC(O-18:0/20:4)","HMDB13420",NA,"Glycerophospholipids","ns"
"MEMAPC24_MEMAPC25",0.0142781725278652,-0.175837778263979,0.204394123319709,-0.202124025779716,0.151167091719642,0.880503887593041,0.999894227787678,-4.77926828848082,0.0142781725278652,0.880503887593041,0.999894227787678,"HIPE","Glycerophospholipids","1-ether, 2-acylglycerophosphocholine","PC(O-38:5)",NA,NA,"Glycerophospholipids","ns"
"MEMAPC26",0.168699887813214,-0.0875090324695817,0.42490880809601,-0.344413895906789,1.3253291061781,0.191597206850102,0.999894227787678,-4.51070107954859,0.168699887813214,0.191597206850102,0.999894227787678,"HIPE","Glycerophospholipids","1-ether, 2-acylglycerophosphocholine","PC(P-18:0/20:4)",NA,NA,"Glycerophospholipids","ns"
"MEMAPC27",0.149554584691587,-0.0962124128817679,0.395321582264942,-0.632867995293409,1.22483998505178,0.22686130192903,0.999894227787678,-4.54935582418774,0.149554584691587,0.22686130192903,0.999894227787678,"HIPE","Glycerophospholipids","1-ether, 2-acylglycerophosphocholine","PC(P-18:0/20:4)",NA,NA,"Glycerophospholipids","ns"
"MEMAPC28",0.0216482897878739,-0.243306490026147,0.286603069601894,0.0247148183865671,0.164458006840028,0.870090035747869,0.999894227787678,-4.7785978717927,0.0216482897878739,0.870090035747869,0.999894227787678,"HIPE","Glycerophospholipids","1-ether, 2-acylglycerophosphocholine","PC(O-18:2/20:4)",NA,NA,"Glycerophospholipids","ns"
"MEMAPC29",0.0158313158609274,-0.224945345791728,0.256607977513582,0.15463229003969,0.132344474389841,0.895288159586715,0.999894227787678,-4.78012128045428,0.0158313158609274,0.895288159586715,0.999894227787678,"HIPE","Glycerophospholipids","1-ether, 2-acylglycerophosphocholine","PC(P-16:0/22:6)","HMDB11229",NA,"Glycerophospholipids","ns"
"MEMAPC30",-0.000535709695387442,-0.224439797267467,0.223368377876692,-0.0818601064762106,-0.00481582473046315,0.996178335611221,0.999894227787678,-4.78291840496111,-0.000535709695387442,0.996178335611221,0.999894227787678,"HIPE","Glycerophospholipids","1-ether, 2-acylglycerophosphocholine","PC(O-18:0/22:4)",NA,NA,"Glycerophospholipids","ns"
"MEMAPC31",0.0578476984611858,-0.186532359578856,0.302227756501228,0.0780561143415209,0.476456777853109,0.636001016471094,0.999894227787678,-4.74675940512831,0.0578476984611858,0.636001016471094,0.999894227787678,"HIPE","Glycerophospholipids","1-ether, 2-acylglycerophosphocholine","PC(O-20:0/20:4)","HMDB13442",NA,"Glycerophospholipids","ns"
"MEMAPC32",-0.0271531315556321,-0.233590146375992,0.179283883264728,0.06630912799771,-0.264749739661599,0.79238316239249,0.999894227787678,-4.77172440538868,-0.0271531315556321,0.79238316239249,0.999894227787678,"HIPE","Glycerophospholipids","1-ether, 2-acylglycerophosphocholine","PC(O-18:1/22:4)",NA,NA,"Glycerophospholipids","ns"
"MEMAPC33_MEMAPC34",0.0500173021553446,-0.177050938194978,0.277085542505667,-0.0464058129739067,0.443370768697323,0.65957275684434,0.999894227787678,-4.7515900459054,0.0500173021553446,0.65957275684434,0.999894227787678,"HIPE","Glycerophospholipids","1-ether, 2-acylglycerophosphocholine","PC(O-40:5)",NA,NA,"Glycerophospholipids","ns"
"MEMAPC35",0.080486448107835,-0.179153923684418,0.340126819900088,0.036205654849245,0.623955659414868,0.535734182091214,0.999894227787678,-4.72108655184444,0.080486448107835,0.535734182091214,0.999894227787678,"HIPE","Glycerophospholipids","1-ether, 2-acylglycerophosphocholine","PC(O-22:1/20:4)",NA,NA,"Glycerophospholipids","ns"
"MEMAPC36",0.0263444922171044,-0.240056380692511,0.29274536512672,-0.191128216819934,0.199047797701227,0.843101218301157,0.999894227787678,-4.77658903597649,0.0263444922171044,0.843101218301157,0.999894227787678,"HIPE","Glycerophospholipids","1-ether, 2-acylglycerophosphocholine","PC(O-42:6)",NA,NA,"Glycerophospholipids","ns"
"MEMAPC37",0.0887164694927083,-0.157576279614235,0.335009218599651,0.0465258148400692,0.725029725410951,0.47210039165464,0.999894227787678,-4.69963695423195,0.0887164694927083,0.47210039165464,0.999894227787678,"HIPE","Glycerophospholipids","1-ether, 2-acylglycerophosphocholine","PC(O-22:0/20:4)","HMDB13448",NA,"Glycerophospholipids","ns"
"MEMAPC38",0.135787065714127,-0.123674998568512,0.395249129996766,0.151640228855368,1.05338643841697,0.29765738487734,0.999894227787678,-4.60895846442304,0.135787065714127,0.29765738487734,0.999894227787678,"HIPE","Glycerophospholipids","1-ether, 2-acylglycerophosphocholine","PC(O-24:1/20:4)",NA,NA,"Glycerophospholipids","ns"
"MEMAPE01",-0.0645766686884176,-0.351473924549929,0.222320587173093,-1.04154760218843,-0.453056568586396,0.652634604520115,0.999894227787678,-4.75021132372661,-0.0645766686884176,0.652634604520115,0.999894227787678,"HIPE","Glycerophospholipids","1-ether, 2-acylglycerophosphoethanolamine","PE(O-16:0/18:1)",NA,NA,"Glycerophospholipids","ns"
"MEMAPE02",-0.00701691266784224,-0.327555672885628,0.313521847549943,-0.441324474636713,-0.0440624566259272,0.965045046004815,0.999894227787678,-4.78261156089311,-0.00701691266784224,0.965045046004815,0.999894227787678,"HIPE","Glycerophospholipids","1-ether, 2-acylglycerophosphoethanolamine","PE(P-16:0/18:2)","HMDB11343",NA,"Glycerophospholipids","ns"
"MEMAPE05",-0.0748642133263776,-0.359397732498042,0.209669305845287,-0.811364801500366,-0.529595173315634,0.598935580840651,0.999894227787678,-4.7382867648054,-0.0748642133263776,0.598935580840651,0.999894227787678,"HIPE","Glycerophospholipids","1-ether, 2-acylglycerophosphoethanolamine","PE(P-18:0/18:1)",NA,NA,"Glycerophospholipids","ns"
"MEMAPE06",0.0162780113320062,-0.353418251210558,0.38597427387457,-0.335294034971724,0.0886256584254277,0.929763552920173,0.999894227787678,-4.78166587793292,0.0162780113320062,0.929763552920173,0.999894227787678,"HIPE","Glycerophospholipids","1-ether, 2-acylglycerophosphoethanolamine","PE(P-16:0/20:4)",NA,NA,"Glycerophospholipids","ns"
"MEMAPE08",-0.0428678431556422,-0.385498730165478,0.299763043854194,-0.476799989051895,-0.251830490160072,0.802292110632147,0.999894227787678,-4.77278935548356,-0.0428678431556422,0.802292110632147,0.999894227787678,"HIPE","Glycerophospholipids","1-ether, 2-acylglycerophosphoethanolamine","PE(P-18:0/20:4)","HMDB11386",NA,"Glycerophospholipids","ns"
"MEMAPE09",0.000489853907725559,-0.349690405855857,0.350670113671309,-0.283247451102825,0.00281564634286157,0.997765599054892,0.999894227787678,-4.78292084665815,0.000489853907725559,0.997765599054892,0.999894227787678,"HIPE","Glycerophospholipids","1-ether, 2-acylglycerophosphoethanolamine","PE(P-18:1/20:4)",NA,NA,"Glycerophospholipids","ns"
"MEMAPE11",-0.042922007152916,-0.29835533961556,0.212511325309728,0.3255443066135,-0.338224950221772,0.73673018788205,0.999894227787678,-4.76466140092019,-0.042922007152916,0.73673018788205,0.999894227787678,"HIPE","Glycerophospholipids","1-ether, 2-acylglycerophosphoethanolamine","PE(P-16:0/22:6)",NA,NA,"Glycerophospholipids","ns"
"MEMAPE13",0.199491742195935,-0.0770866890713883,0.476070173463258,-0.470374782891418,1.45181006327509,0.153330742143991,0.999894227787678,-4.45828474556721,0.199491742195935,0.153330742143991,0.999894227787678,"HIPE","Glycerophospholipids","1-ether, 2-acylglycerophosphocholine","PC(P-17:0/20:4)",NA,NA,"Glycerophospholipids","ns"
"MEMAPE14",0.272864931311885,-0.00182632622723755,0.547556188851008,0.204147586350559,1.99942940254539,0.0514794956387651,0.999894227787678,-4.18702022304783,0.272864931311885,0.0514794956387651,0.999894227787678,"HIPE","Glycerophospholipids","1-ether, 2-acylglycerophosphocholine","PC(P-17:0/20:4)",NA,NA,"Glycerophospholipids","ns"
"MEMAPE15",-0.0795974581568293,-0.38146997321651,0.222275056902852,-0.694341758221026,-0.530736326959065,0.59815078348454,0.999894227787678,-4.73809518791134,-0.0795974581568293,0.59815078348454,0.999894227787678,"HIPE","Glycerophospholipids","1-ether, 2-acylglycerophosphoethanolamine","PE(P-20:0/20:4)",NA,NA,"Glycerophospholipids","ns"
"MEMAPE16",0.0246166563646926,-0.283107789964683,0.332341102694068,-0.344441105187371,0.161016451923252,0.872784448617746,0.999894227787678,-4.77877687696599,0.0246166563646926,0.872784448617746,0.999894227787678,"HIPE","Glycerophospholipids","1-ether, 2-acylglycerophosphoethanolamine","PE(P-18:0/22:5) + PE(P-20:1/20:4)",NA,NA,"Glycerophospholipids","ns"
"MEMAPE17",-0.0786267358283766,-0.371810198254931,0.214556726598178,-0.173994714024707,-0.539801348624343,0.591933762273312,0.999894227787678,-4.73655900887345,-0.0786267358283766,0.591933762273312,0.999894227787678,"HIPE","Glycerophospholipids","1-ether, 2-acylglycerophosphoethanolamine","PE(P-18:0/18:2)","HMDB11376",NA,"Glycerophospholipids","ns"
"MEMAPE20",-0.0859951108062461,-0.430384136569077,0.258393914956585,-0.504362304257231,-0.502605972309489,0.617635487622072,0.999894227787678,-4.74269984337079,-0.0859951108062461,0.617635487622072,0.999894227787678,"HIPE","Glycerophospholipids","1-ether, 2-acylglycerophosphoethanolamine","PE(16:1e/20:3)",NA,NA,"Glycerophospholipids","ns"
"MEMAPE21",0.190324857678224,-0.1837362468251,0.564385962181549,-0.118836450406637,1.02413250422001,0.3111202619688,0.999894227787678,-4.61830726481139,0.190324857678224,0.3111202619688,0.999894227787678,"HIPE","Glycerophospholipids","1-ether, 2-acylglycerophosphoethanolamine","PE(16:1e/20:5)",NA,NA,"Glycerophospholipids","ns"
"MEMAPE29",-0.19159625822758,-0.489792907404154,0.106600390948994,0.00877023663571995,-1.29326478647054,0.202366773605699,0.999894227787678,-4.52332734754204,-0.19159625822758,0.202366773605699,0.999894227787678,"HIPE","Glycerophospholipids","1-ether, 2-acylglycerophosphoethanolamine","PE(18:1e/22:6)",NA,NA,"Glycerophospholipids","ns"
"MEMAPE30",-0.070964321861756,-0.368560287073145,0.226631643349633,0.115729464791989,-0.479972335664169,0.633518077385968,0.999894227787678,-4.74622602926679,-0.070964321861756,0.633518077385968,0.999894227787678,"HIPE","Glycerophospholipids","1-ether, 2-acylglycerophosphoethanolamine","PE(18:2e/22:6)",NA,NA,"Glycerophospholipids","ns"
"MG02",-0.288477182836886,-0.674667518694747,0.0977131530209746,-1.04094475241227,-1.50353400503597,0.139526055245985,0.999894227787678,-4.43567570373736,-0.288477182836886,0.139526055245985,0.999894227787678,"HIPE","Glycerolipids","Monoacylglycerols","MG(16:0/0:0/0:0)","HMDB11564",NA,"Glycerolipids","ns"
"MG06",-0.149912052970458,-0.63176361819574,0.331939512254824,0.798572630256658,-0.626240909094109,0.534251530142495,0.999894227787678,-4.72063488393042,-0.149912052970458,0.534251530142495,0.999894227787678,"HIPE","Glycerolipids","Monoacylglycerols","MG(18:2(9Z,12Z)/0:0/0:0)","HMDB11568",NA,"Glycerolipids","ns"
"SphLip_02",0.109853204886367,-0.201574346020241,0.421280755792974,-0.141142412732036,0.710000884116053,0.481282038672638,0.999894227787678,-4.70302269657484,0.109853204886367,0.481282038672638,0.999894227787678,"HIPE","Sphingolipids","Sphingomyelin","SM(d18:0/14:0)","HMDB12085","C00550","Sphingolipids","ns"
"SphLip_03",0.130168144697975,-0.206880072434435,0.467216361830385,-0.213821915710975,0.777348686255577,0.440926556221382,0.999894227787678,-4.6873195973844,0.130168144697975,0.440926556221382,0.999894227787678,"HIPE","Sphingolipids","Sphingomyelin","SM(d18:0/15:0)",NA,NA,"Sphingolipids","ns"
"SphLip_04",0.0461147380111302,-0.173062271758318,0.265291747780579,-0.700433265943271,0.423494657921355,0.67390500524968,0.999894227787678,-4.75432729641435,0.0461147380111302,0.67390500524968,0.999894227787678,"HIPE","Sphingolipids","Sphingomyelin","SM(d18:0/16:0)","HMDB10168","C00550","Sphingolipids","ns"
"SphLip_05",0.114355136816893,-0.315176562958235,0.54388683659202,-0.34547202925308,0.535893653817314,0.594613287028464,0.999894227787678,-4.73722340300538,0.114355136816893,0.594613287028464,0.999894227787678,"HIPE","Sphingolipids","Sphingomyelin","SM(d18:0/18:0)","HMDB12087","C00550","Sphingolipids","ns"
"SphLip_06",0.134843908988379,-0.333673720623613,0.60336153860037,-0.170645868099122,0.579326711391857,0.565194484671164,0.999894227787678,-4.72956277260425,0.134843908988379,0.565194484671164,0.999894227787678,"HIPE","Sphingolipids","Sphingomyelin","SM(d18:0/22:0)","HMDB12091","C00550","Sphingolipids","ns"
"SphLip_07",0.126454795253481,-0.172161469870752,0.425071060377713,-0.0428284787821457,0.852363868354569,0.398421577184722,0.999894227787678,-4.66823157234666,0.126454795253481,0.398421577184722,0.999894227787678,"HIPE","Sphingolipids","Sphingomyelin","SM(d18:1/12:0)","HMDB12096","C00550","Sphingolipids","ns"
"SphLip_08",0.206102729058095,-0.0280599864145523,0.440265444530743,0.0948922732415917,1.77161433191449,0.0830727306501625,0.999894227787678,-4.30812911366693,0.206102729058095,0.0830727306501625,0.999894227787678,"HIPE","Sphingolipids","Sphingomyelin","SM(32:1)",NA,NA,"Sphingolipids","ns"
"SphLip_09",0.253779471476932,0.0407643225748636,0.466794620379,0.285219535408329,2.39800004449516,0.020592659570933,0.999894227787678,-3.95060561784397,0.253779471476932,0.020592659570933,0.999894227787678,"HIPE","Sphingolipids","Sphingomyelin","SM(33:1)",NA,NA,"Sphingolipids","Sphingolipids"
"SphLip_10",0.0561096148367766,-0.0888560991491415,0.201075328822695,-0.144388748695275,0.77906766049982,0.439923401674779,0.999894227787678,-4.68690096302788,0.0561096148367766,0.439923401674779,0.999894227787678,"HIPE","Sphingolipids","Sphingomyelin","SM(d18:1/16:0)","HMDB10169","C00550","Sphingolipids","ns"
"SphLip_11",0.0807779857880545,-0.0991663716476952,0.260722343223804,-0.0493184241892562,0.903562035604798,0.370928118747498,0.999894227787678,-4.65424867983605,0.0807779857880545,0.370928118747498,0.999894227787678,"HIPE","Sphingolipids","Sphingomyelin","SM(d18:2/16:0)",NA,NA,"Sphingolipids","ns"
"SphLip_12",0.155543623636469,-0.0361157786488588,0.347203025921796,0.0882320746070334,1.63352306577838,0.109175473213308,0.999894227787678,-4.37595201206354,0.155543623636469,0.109175473213308,0.999894227787678,"HIPE","Sphingolipids","Sphingomyelin","SM(d18:1/17:0)",NA,NA,"Sphingolipids","ns"
"SphLip_13",0.040181838223922,-0.147539921268704,0.227903597716548,-0.198917925144836,0.430842337012746,0.668592132893802,0.999894227787678,-4.75332983153138,0.040181838223922,0.668592132893802,0.999894227787678,"HIPE","Sphingolipids","Sphingomyelin","SM(d18:1/18:0)","HMDB01348","C00550","Sphingolipids","ns"
"SphLip_14",0.00316435552217752,-0.177251711207399,0.183580422251754,-0.310397769292458,0.0353031330368664,0.971990543821766,0.999894227787678,-4.78272275774856,0.00316435552217752,0.971990543821766,0.999894227787678,"HIPE","Sphingolipids","Sphingomyelin","SM(36:2)",NA,NA,"Sphingolipids","ns"
"SphLip_16",0.0632503773128699,-0.154118361491261,0.280619116117001,-0.0660469612076087,0.585691907370052,0.560940880717883,0.999894227787678,-4.72839220117755,0.0632503773128699,0.560940880717883,0.999894227787678,"HIPE","Sphingolipids","Sphingomyelin","SM(38:1)",NA,NA,"Sphingolipids","ns"
"SphLip_17",-0.0108166539526061,-0.198835208448711,0.177201900543499,-0.332143690757857,-0.115796495181444,0.90831709525413,0.999894227787678,-4.78077774706615,-0.0108166539526061,0.90831709525413,0.999894227787678,"HIPE","Sphingolipids","Sphingomyelin","SM(d18:2/20:0)",NA,NA,"Sphingolipids","ns"
"SphLip_19",0.168622205682459,-0.0951228449734814,0.432367256338399,0.175808625165038,1.28686691542857,0.204569175141067,0.999894227787678,-4.52581411985622,0.168622205682459,0.204569175141067,0.999894227787678,"HIPE","Sphingolipids","Sphingomyelin","SM(39:1)",NA,NA,"Sphingolipids","ns"
"SphLip_20",0.0555174550635707,-0.176805136137362,0.287840046264504,-0.136978842517099,0.480995812074436,0.632796023697124,0.999894227787678,-4.74607002418274,0.0555174550635707,0.632796023697124,0.999894227787678,"HIPE","Sphingolipids","Sphingomyelin","SM(d18:1/22:0)","HMDB12103","C00550","Sphingolipids","ns"
"SphLip_21",0.3009613118938,0.0228640748965276,0.579058548891072,-0.188261712210948,2.17829746267257,0.0345381052081278,0.999894227787678,-4.08452166585255,0.3009613118938,0.0345381052081278,0.999894227787678,"HIPE","Sphingolipids","Sphingomyelin","SM(d16:1/24:1)","HMDB11694",NA,"Sphingolipids","Sphingolipids"
"SphLip_22",0.0393801061165227,-0.158982880195836,0.237743092428881,-0.24127716209113,0.399594436071752,0.691301810781048,0.999894227787678,-4.75745461874767,0.0393801061165227,0.691301810781048,0.999894227787678,"HIPE","Sphingolipids","Sphingomyelin","SM(d18:2/22:0)",NA,NA,"Sphingolipids","ns"
"SphLip_23",0.112637726890501,-0.143541601242575,0.368817055023576,0.16561845662723,0.884999414746063,0.380752697504311,0.999894227787678,-4.6594073187325,0.112637726890501,0.380752697504311,0.999894227787678,"HIPE","Sphingolipids","Sphingomyelin","SM(d18:1/23:0)","HMDB12105","C00550","Sphingolipids","ns"
"SphLip_24",0.253444586207083,0.00297915687572081,0.503910015538446,0.0388640772192147,2.03675324317469,0.0474448933153289,0.999894227787678,-4.16614753583005,0.253444586207083,0.0474448933153289,0.999894227787678,"HIPE","Sphingolipids","Sphingomyelin","SM(d18:1/23:1)",NA,NA,"Sphingolipids","Sphingolipids"
"SphLip_25",0.100751650818885,-0.118705113668532,0.320208415306302,0.0473134346462571,0.924073225766042,0.360263016183334,0.999894227787678,-4.6484314139565,0.100751650818885,0.360263016183334,0.999894227787678,"HIPE","Sphingolipids","Sphingomyelin","SM(d18:2/23:0)",NA,NA,"Sphingolipids","ns"
"SphLip_26_SphLip_27",0.0937403098047755,-0.104781686462065,0.292262306071616,-0.241822760620007,0.950431757165512,0.346852459394334,0.999894227787678,-4.64077603832678,0.0937403098047755,0.346852459394334,0.999894227787678,"HIPE","Sphingolipids","Sphingomyelin","SM(d18:1/24:1) + SM(d18:2/24:0)",NA,NA,"Sphingolipids","ns"
"SphLip_28",0.117654346403263,-0.0632450604335239,0.298553753240051,-0.33427515680732,1.30910361172711,0.196991264635342,0.999894227787678,-4.51712429266029,0.117654346403263,0.196991264635342,0.999894227787678,"HIPE","Sphingolipids","Sphingomyelin","SM(42:3)",NA,NA,"Sphingolipids","ns"
"SphLip_29",0.136318698639803,-0.129390525853621,0.402027923133228,-0.0129792517764344,1.03264723832516,0.307159572068886,0.999894227787678,-4.61561124843757,0.136318698639803,0.307159572068886,0.999894227787678,"HIPE","Sphingolipids","Sphingomyelin","SM(d18:2/14:0)",NA,NA,"Sphingolipids","ns"
"SphLip_30",0.0549252871937327,-0.191126681106056,0.300977255493521,-0.212368183847664,0.449312686482836,0.655312794752651,0.999894227787678,-4.75074772600916,0.0549252871937327,0.655312794752651,0.999894227787678,"HIPE","Sphingolipids","Sphingomyelin","SM(42:1)",NA,NA,"Sphingolipids","ns"
"SphLip_31",0.050416732453697,-0.210236201846659,0.311069666754053,-0.0921503170503158,0.389327665139507,0.698827609654303,0.999894227787678,-4.75874290383281,0.050416732453697,0.698827609654303,0.999894227787678,"HIPE","Sphingolipids","Sphingomyelin","SM(d18:1/25:0)",NA,NA,"Sphingolipids","ns"
"SphLip_32",0.205535307949271,-0.149639569664304,0.560710185562845,0.769512297538178,1.16478933858999,0.250100216501378,0.999894227787678,-4.57115552558578,0.205535307949271,0.250100216501378,0.999894227787678,"HIPE","Sphingolipids","Sphingomyelin","SM(43:1)",NA,NA,"Sphingolipids","ns"
"SphLip_33",0.219695227439187,-0.175322349292236,0.614712804170611,0.816151719076488,1.11945693325531,0.268747763744636,0.999894227787678,-4.58695593632767,0.219695227439187,0.268747763744636,0.999894227787678,"HIPE","Sphingolipids","Sphingomyelin","SM(43:2)",NA,NA,"Sphingolipids","ns"
"SphLip_34",0.106575858262557,-0.371094992111419,0.584246708636532,-0.0112366138781346,0.44910537837315,0.655463911611914,0.999894227787678,-4.75077657750282,0.106575858262557,0.655463911611914,0.999894227787678,"HIPE","Sphingolipids","Sphingomyelin","SM(38:0)",NA,NA,"Sphingolipids","ns"
"SphLip_35",0.261879100193217,-0.000299841884300989,0.524058042270736,0.237493960818587,2.0105099262307,0.0502518402870039,0.999894227787678,-4.18085280829409,0.261879100193217,0.0502518402870039,0.999894227787678,"HIPE","Sphingolipids","Sphingomyelin","SM(31:1)",NA,NA,"Sphingolipids","ns"
"TG03",0.024819432732532,-1.18199849698016,1.23163736244522,1.70771097272986,0.0414031127840346,0.967154660232625,0.999894227787678,-4.78264787522757,0.024819432732532,0.967154660232625,0.999894227787678,"HIPE","Glycerolipids","Triacylglycerols","TG(42:0)",NA,NA,"Triacylglycerols","ns"
"TG04",0.0652562596395688,-0.927560492372175,1.05807301165131,1.27873562163772,0.132323194564585,0.895308809687315,0.999894227787678,-4.7801217817407,0.0652562596395688,0.895308809687315,0.999894227787678,"HIPE","Glycerolipids","Triacylglycerols","TG(44:0)",NA,NA,"Triacylglycerols","ns"
"TG05",-0.0589580688039167,-1.08863591000788,0.970719772400048,1.52693454826336,-0.115272252374327,0.908733692552517,0.999894227787678,-4.78079681071978,-0.0589580688039167,0.908733692552517,0.999894227787678,"HIPE","Glycerolipids","Triacylglycerols","TG(44:1)",NA,NA,"Triacylglycerols","ns"
"TG06",0.00675226131054982,-0.954476571415122,0.967981094036222,1.696505548599,0.0141418213981449,0.98877831442641,0.999894227787678,-4.78289011945217,0.00675226131054982,0.98877831442641,0.999894227787678,"HIPE","Glycerolipids","Triacylglycerols","TG(44:2)",NA,NA,"Triacylglycerols","ns"
"TG07_TG08",0.0315073269961713,-0.675600356334692,0.738615010327035,0.864218718738458,0.0897033991941425,0.928914400613199,0.999894227787678,-4.78163495857196,0.0315073269961713,0.928914400613199,0.999894227787678,"HIPE","Glycerolipids","Triacylglycerols","TG(45:0)",NA,NA,"Triacylglycerols","ns"
"TG09",0.0299986077346894,-0.860268325416588,0.920265540885967,1.24132419775979,0.0678365500023146,0.946211300886855,0.999894227787678,-4.78218596103527,0.0299986077346894,0.946211300886855,0.999894227787678,"HIPE","Glycerolipids","Triacylglycerols","TG(46:0)",NA,NA,"Triacylglycerols","ns"
"TG10",0.0531264284615914,-0.759828311135227,0.86608116805841,1.29809464286151,0.131560995029211,0.89590828882928,0.999894227787678,-4.78015393916504,0.0531264284615914,0.89590828882928,0.999894227787678,"HIPE","Glycerolipids","Triacylglycerols","TG(46:1)",NA,NA,"Triacylglycerols","ns"
"TG11",0.0148001434478649,-0.782952037813315,0.812552324709045,1.89441416751336,0.0373491584513589,0.970369076032416,0.999894227787678,-4.78269894864576,0.0148001434478649,0.970369076032416,0.999894227787678,"HIPE","Glycerolipids","Triacylglycerols","TG(46:2)",NA,NA,"Triacylglycerols","ns"
"TG12",-0.00984740344011695,-0.723546574232588,0.703851767352354,1.54332181578187,-0.027777261999517,0.977960592794652,0.999894227787678,-4.78279867632921,-0.00984740344011695,0.977960592794652,0.999894227787678,"HIPE","Glycerolipids","Triacylglycerols","TG(46:3)",NA,NA,"Triacylglycerols","ns"
"TG121",0.119916401966437,-0.926597489233963,1.16643029316684,1.09667566731403,0.230683476696621,0.818588993023957,0.999894227787678,-4.77441690400805,0.119916401966437,0.818588993023957,0.999894227787678,"HIPE","Glycerolipids","Triacylglycerols","TG(40:0)",NA,NA,"Triacylglycerols","ns"
"TG13_TG14",0.00257473947495455,-0.802867465759206,0.808016944709115,1.21320724329371,0.00643549274348849,0.994893230200645,0.999894227787678,-4.78291548896662,0.00257473947495455,0.994893230200645,0.999894227787678,"HIPE","Glycerolipids","Triacylglycerols","TG(47:0)",NA,NA,"Triacylglycerols","ns"
"TG145",-0.0202696181559857,-0.732242447259595,0.691703210947624,1.63278456493808,-0.0573145706947672,0.954544161485231,0.999894227787678,-4.78239660398568,-0.0202696181559857,0.954544161485231,0.999894227787678,"HIPE","Glycerolipids","Triacylglycerols","TG(46:3)",NA,NA,"Triacylglycerols","ns"
"TG15",0.0318485961380731,-0.700681725562779,0.764378917838926,1.23866018919212,0.0875281166664808,0.930633657631075,0.999894227787678,-4.7816966193167,0.0318485961380731,0.930633657631075,0.999894227787678,"HIPE","Glycerolipids","Triacylglycerols","TG(47:1)",NA,NA,"Triacylglycerols","ns"
"TG152",0.0132385349214622,-0.638400960150175,0.664878029993099,1.29622199586605,0.0408992574548005,0.967554142623916,0.999894227787678,-4.78265450912818,0.0132385349214622,0.967554142623916,0.999894227787678,"HIPE","Glycerolipids","Triacylglycerols","TG(47:2)",NA,NA,"Triacylglycerols","ns"
"TG16",-0.0423039766309577,-0.815936217872987,0.731328264611071,1.22608001061566,-0.110085350420161,0.91282307958701,0.999894227787678,-4.7809837302901,-0.0423039766309577,0.91282307958701,0.999894227787678,"HIPE","Glycerolipids","Triacylglycerols","TG(48:0)","HMDB05356",NA,"Triacylglycerols","ns"
"TG163",0.234055590193025,-0.526427970207672,0.994539150593721,1.60797840852434,0.619600963521997,0.538593633909696,0.999894227787678,-4.7219347348849,0.234055590193025,0.538593633909696,0.999894227787678,"HIPE","Glycerolipids","Triacylglycerols","TG(52:4)",NA,NA,"Triacylglycerols","ns"
"TG166",0.0542383579822805,-0.450206355351003,0.558683071315564,1.03877327649194,0.216426838335576,0.829611745826904,0.999894227787678,-4.77543565780901,0.0542383579822805,0.829611745826904,0.999894227787678,"HIPE","Glycerolipids","Triacylglycerols","TG(52:6)",NA,NA,"Triacylglycerols","ns"
"TG17",0.0564379725115299,-0.606970339172624,0.719846284195683,1.19889937703961,0.171266882164186,0.864769039364664,0.999894227787678,-4.77823193040524,0.0564379725115299,0.864769039364664,0.999894227787678,"HIPE","Glycerolipids","Triacylglycerols","TG(48:1)",NA,NA,"Triacylglycerols","ns"
"TG173",-0.247442810407871,-0.836954838617405,0.342069217801664,0.833783069166456,-0.845016258980752,0.4024984751686,0.999894227787678,-4.67016857222412,-0.247442810407871,0.4024984751686,0.999894227787678,"HIPE","Glycerolipids","Triacylglycerols","TG(55:2)",NA,NA,"Triacylglycerols","ns"
"TG174",-0.203754473247326,-0.696478187867957,0.288969241373306,0.639501678764102,-0.832380396800795,0.409493855671842,0.999894227787678,-4.67347854623408,-0.203754473247326,0.409493855671842,0.999894227787678,"HIPE","Glycerolipids","Triacylglycerols","TG(55:3)",NA,NA,"Triacylglycerols","ns"
"TG175",-0.106263782644745,-0.544935536720146,0.332407971430655,0.52898103102171,-0.48760006735033,0.628148439074713,0.999894227787678,-4.74505468652056,-0.106263782644745,0.628148439074713,0.999894227787678,"HIPE","Glycerolipids","Triacylglycerols","TG(55:4)",NA,NA,"Triacylglycerols","ns"
"TG18",0.0594900982489371,-0.502030535672341,0.621010732170216,1.38582656402095,0.213276611913815,0.832057105244496,0.999894227787678,-4.77565124672115,0.0594900982489371,0.832057105244496,0.999894227787678,"HIPE","Glycerolipids","Triacylglycerols","TG(48:2)",NA,NA,"Triacylglycerols","ns"
"TG19",0.0321269602700364,-0.574464505476168,0.638718426016241,1.79821229705895,0.106624310739811,0.915553119793058,0.999894227787678,-4.78110367324116,0.0321269602700364,0.915553119793058,0.999894227787678,"HIPE","Glycerolipids","Triacylglycerols","TG(48:3)",NA,NA,"Triacylglycerols","ns"
"TG20",-0.00266174663390112,-0.598571250515881,0.593247757248079,1.60154212525697,-0.0089922691634196,0.992864394082896,0.999894227787678,-4.78290917833869,-0.00266174663390112,0.992864394082896,0.999894227787678,"HIPE","Glycerolipids","Triacylglycerols","TG(48:4)",NA,NA,"Triacylglycerols","ns"
"TG22",0.00157267805212771,-0.829392493013131,0.832537849117386,1.34286806415771,0.00381013094058644,0.996976525103835,0.999894227787678,-4.78291979229995,0.00157267805212771,0.996976525103835,0.999894227787678,"HIPE","Glycerolipids","Triacylglycerols","TG(49:0)",NA,NA,"Triacylglycerols","ns"
"TG23",0.0537159036096413,-0.648737731811849,0.756169539031132,1.3555232835031,0.153945896740647,0.878329342999647,0.999894227787678,-4.77913224370475,0.0537159036096413,0.878329342999647,0.999894227787678,"HIPE","Glycerolipids","Triacylglycerols","TG(49:1)",NA,NA,"Triacylglycerols","ns"
"TG24",0.0763979442497985,-0.482163912255781,0.634959800755378,1.59213941141224,0.275343395702079,0.784290014713961,0.999894227787678,-4.77081036134827,0.0763979442497985,0.784290014713961,0.999894227787678,"HIPE","Glycerolipids","Triacylglycerols","TG(49:2)",NA,NA,"Triacylglycerols","ns"
"TG25",0.0682670859457341,-0.438458396292493,0.574992568183961,1.5534229302412,0.271179450954848,0.787465942551596,0.999894227787678,-4.77117434686914,0.0682670859457341,0.787465942551596,0.999894227787678,"HIPE","Glycerolipids","Triacylglycerols","TG(49:3)",NA,NA,"Triacylglycerols","ns"
"TG26",-0.11196866016541,-0.940438642363442,0.716501322032623,1.37705106778804,-0.272083747372604,0.786781557879505,0.999894227787678,-4.77109467119999,-0.11196866016541,0.786781557879505,0.999894227787678,"HIPE","Glycerolipids","Triacylglycerols","TG(50:0)",NA,NA,"Triacylglycerols","ns"
"TG27",-0.00506140197212037,-0.515210241995768,0.505087438051527,0.877327646435765,-0.0199706446156098,0.98415314212808,0.999894227787678,-4.78285831669768,-0.00506140197212037,0.98415314212808,0.999894227787678,"HIPE","Glycerolipids","Triacylglycerols","TG(50:1)",NA,NA,"Triacylglycerols","ns"
"TG28",0.0266700794149108,-0.427142090834565,0.480482249664387,1.12446534963456,0.118294983274653,0.906348859704479,0.999894227787678,-4.78068417654676,0.0266700794149108,0.906348859704479,0.999894227787678,"HIPE","Glycerolipids","Triacylglycerols","TG(50:2)",NA,NA,"Triacylglycerols","ns"
"TG29",0.0617373069549552,-0.32737217306589,0.4508467869758,1.224064034278,0.319358924963194,0.750897982065799,0.999894227787678,-4.76663804250728,0.0617373069549552,0.750897982065799,0.999894227787678,"HIPE","Glycerolipids","Triacylglycerols","TG(50:3)",NA,NA,"Triacylglycerols","ns"
"TG30",-0.047843340943977,-0.538697491693761,0.443010809805807,1.56149243953733,-0.196194662534966,0.845321766382788,0.999894227787678,-4.77676900185813,-0.047843340943977,0.845321766382788,0.999894227787678,"HIPE","Glycerolipids","Triacylglycerols","TG(50:4)",NA,NA,"Triacylglycerols","ns"
"TG31",0.0517989067047647,-0.482546586107092,0.586144399516621,1.41108338376236,0.195144591082162,0.846141847332436,0.999894227787678,-4.77683421837502,0.0517989067047647,0.846141847332436,0.999894227787678,"HIPE","Glycerolipids","Triacylglycerols","TG(50:5)",NA,NA,"Triacylglycerols","ns"
"TG33",-0.0360463408469319,-0.71225140363177,0.640158721937906,1.19785314489312,-0.107316293196445,0.915007206218514,0.999894227787678,-4.78107999862219,-0.0360463408469319,0.915007206218514,0.999894227787678,"HIPE","Glycerolipids","Triacylglycerols","TG(51:1)",NA,NA,"Triacylglycerols","ns"
"TG34",0.0153835543761607,-0.527857937289055,0.558625046041377,1.15911151912452,0.0570069786831834,0.954787448901285,0.999894227787678,-4.78240224659616,0.0153835543761607,0.954787448901285,0.999894227787678,"HIPE","Glycerolipids","Triacylglycerols","TG(51:2)",NA,NA,"Triacylglycerols","ns"
"TG35",0.0303920029778983,-0.40594899849516,0.466733004450957,1.219668725725,0.140201111237766,0.889113043217157,0.999894227787678,-4.77977890556438,0.0303920029778983,0.889113043217157,0.999894227787678,"HIPE","Glycerolipids","Triacylglycerols","TG(51:3)",NA,NA,"Triacylglycerols","ns"
"TG36",0.0150461609911511,-0.372966740133366,0.403059062115668,1.17280760504095,0.0780517647479225,0.93812488928049,0.999894227787678,-4.78194772652617,0.0150461609911511,0.93812488928049,0.999894227787678,"HIPE","Glycerolipids","Triacylglycerols","TG(51:4)",NA,NA,"Triacylglycerols","ns"
"TG37",-0.236734346229784,-1.10949663081459,0.63602793835502,1.07982151962212,-0.546069848403252,0.58767054462589,0.999894227787678,-4.73547673304488,-0.236734346229784,0.58767054462589,0.999894227787678,"HIPE","Glycerolipids","Triacylglycerols","TG(52:0)",NA,NA,"Triacylglycerols","ns"
"TG38",-0.146713865297638,-0.807619648539244,0.514191917943968,1.02534200134501,-0.446904269062649,0.65705229955837,0.999894227787678,-4.75108665615775,-0.146713865297638,0.65705229955837,0.999894227787678,"HIPE","Glycerolipids","Triacylglycerols","TG(52:1)",NA,NA,"Triacylglycerols","ns"
"TG41",-0.0475416966415554,-0.383822516438731,0.28873912315562,0.584829391717448,-0.284561254864406,0.777255490039304,0.999894227787678,-4.76998840117022,-0.0475416966415554,0.777255490039304,0.999894227787678,"HIPE","Glycerolipids","Triacylglycerols","TG(52:4)",NA,NA,"Triacylglycerols","ns"
"TG42",-0.0168491116793889,-0.484717640356377,0.451019416997599,1.05875489846444,-0.072488870460108,0.942527055274359,0.999894227787678,-4.78208163425336,-0.0168491116793889,0.942527055274359,0.999894227787678,"HIPE","Glycerolipids","Triacylglycerols","TG(52:5)",NA,NA,"Triacylglycerols","ns"
"TG43",-0.0386772754980905,-0.331291342152325,0.253936791156144,0.222507437572008,-0.266050367026768,0.791387479267934,0.999894227787678,-4.77161425663135,-0.0386772754980905,0.791387479267934,0.999894227787678,"HIPE","Glycerolipids","Triacylglycerols","TG(53:0)",NA,NA,"Triacylglycerols","ns"
"TG44",-0.166610626870612,-0.871370429793205,0.538149176051981,1.09695008548888,-0.475931521234333,0.636387621725389,0.999894227787678,-4.74683455885506,-0.166610626870612,0.636387621725389,0.999894227787678,"HIPE","Glycerolipids","Triacylglycerols","TG(53:1)",NA,NA,"Triacylglycerols","ns"
"TG45",-0.0718957479083667,-0.569587285661708,0.425795789844975,0.898082333392472,-0.290777706165856,0.772528014535034,0.999894227787678,-4.76941767821054,-0.0718957479083667,0.772528014535034,0.999894227787678,"HIPE","Glycerolipids","Triacylglycerols","TG(53:2)",NA,NA,"Triacylglycerols","ns"
"TG46",-0.0633985604814526,-0.495723888115992,0.368926767153086,0.89279515979453,-0.295179963384542,0.769184300469864,0.999894227787678,-4.7690063364079,-0.0633985604814526,0.769184300469864,0.999894227787678,"HIPE","Glycerolipids","Triacylglycerols","TG(53:3)",NA,NA,"Triacylglycerols","ns"
"TG47",-0.177310838790772,-0.936776450100867,0.582154772519323,0.846078134200128,-0.470013212933761,0.640577945183901,0.999894227787678,-4.74772287437416,-0.177310838790772,0.640577945183901,0.999894227787678,"HIPE","Glycerolipids","Triacylglycerols","TG(54:0)","HMDB05393","C00422","Triacylglycerols","ns"
"TG48",-0.366358390200411,-1.16888837976322,0.436171599362397,0.805475456365868,-0.919025936228935,0.362901252916505,0.999894227787678,-4.64986881861633,-0.366358390200411,0.362901252916505,0.999894227787678,"HIPE","Glycerolipids","Triacylglycerols","TG(54:1)",NA,NA,"Triacylglycerols","ns"
"TG49",-0.294625001232529,-0.781399308077645,0.192149305612586,0.468517078477895,-1.21831644712561,0.229313991605437,0.999894227787678,-4.55177309425918,-0.294625001232529,0.229313991605437,0.999894227787678,"HIPE","Glycerolipids","Triacylglycerols","TG(54:2)",NA,NA,"Triacylglycerols","ns"
"TG50",-0.246767937649987,-0.556813156487357,0.0632772811873831,0.0674965462961295,-1.60201611811245,0.115987292876344,0.999894227787678,-4.39080264606088,-0.246767937649987,0.115987292876344,0.999894227787678,"HIPE","Glycerolipids","Triacylglycerols","TG(54:3)",NA,NA,"Triacylglycerols","ns"
"TG51",-0.256004260854577,-0.60363015031208,0.0916216286029264,0.0223705246557772,-1.48230737317074,0.1450669253631,0.999894227787678,-4.44503507563417,-0.256004260854577,0.1450669253631,0.999894227787678,"HIPE","Glycerolipids","Triacylglycerols","TG(54:4)",NA,NA,"Triacylglycerols","ns"
"TG52",-0.248578408376422,-0.645714424305134,0.14855760755229,-0.129691382903761,-1.2598745891834,0.21405942206026,0.999894227787678,-4.53618561500935,-0.248578408376422,0.21405942206026,0.999894227787678,"HIPE","Glycerolipids","Triacylglycerols","TG(54:5)",NA,NA,"Triacylglycerols","ns"
"TG53",0.135600463302903,-0.348024492049171,0.619225418654977,1.36549574559843,0.564378716553865,0.575237488350016,0.999894227787678,-4.7322650657242,0.135600463302903,0.575237488350016,0.999894227787678,"HIPE","Glycerolipids","Triacylglycerols","TG(54:5)",NA,NA,"Triacylglycerols","ns"
"TG54",-0.316411215397787,-0.969144961137616,0.336322530342043,0.132295114324407,-0.975885127518536,0.334252460109802,0.999894227787678,-4.63318847293286,-0.316411215397787,0.334252460109802,0.999894227787678,"HIPE","Glycerolipids","Triacylglycerols","TG(54:6)",NA,NA,"Triacylglycerols","ns"
"TG55",0.114496731830594,-0.321327531488013,0.550320995149201,0.971868873537266,0.528810223225532,0.599478924397026,0.999894227787678,-4.73841738824404,0.114496731830594,0.599478924397026,0.999894227787678,"HIPE","Glycerolipids","Triacylglycerols","TG(54:6)",NA,NA,"Triacylglycerols","ns"
"TG56",-0.323105282202243,-1.10334002229049,0.457129457886004,0.0728117750367624,-0.833684392218648,0.408789685404902,0.999894227787678,-4.67313441466447,-0.323105282202243,0.408789685404902,0.999894227787678,"HIPE","Glycerolipids","Triacylglycerols","TG(54:7)",NA,NA,"Triacylglycerols","ns"
"TG59",-0.333535080389984,-1.18810817619261,0.521038015412642,0.97264808006212,-0.785733371985265,0.436073528441347,0.999894227787678,-4.68526255708061,-0.333535080389984,0.436073528441347,0.999894227787678,"HIPE","Glycerolipids","Triacylglycerols","TG(56:1)",NA,NA,"Triacylglycerols","ns"
"TG60",-0.304241556233236,-1.01224949800753,0.403766385541063,0.833319402223387,-0.865094002214552,0.391499984385268,0.999894227787678,-4.66482057671341,-0.304241556233236,0.391499984385268,0.999894227787678,"HIPE","Glycerolipids","Triacylglycerols","TG(56:2)",NA,NA,"Triacylglycerols","ns"
"TG61",-0.255551358287264,-0.728678165824633,0.217575449250105,0.428481003516537,-1.0872234085676,0.282600783597065,0.999894227787678,-4.59784321870697,-0.255551358287264,0.282600783597065,0.999894227787678,"HIPE","Glycerolipids","Triacylglycerols","TG(56:3)",NA,NA,"Triacylglycerols","ns"
"TG62",0.0483598612096063,-0.376171486759741,0.472891209178954,1.13795998739158,0.229294394606155,0.819656309904224,0.999894227787678,-4.77451986936284,0.0483598612096063,0.819656309904224,0.999894227787678,"HIPE","Glycerolipids","Triacylglycerols","TG(56:5)",NA,NA,"Triacylglycerols","ns"
"TG63",-0.248097580390468,-0.734668050552197,0.238472889771262,0.318965509293731,-1.02634870208163,0.310092863485724,0.999894227787678,-4.61760704384594,-0.248097580390468,0.310092863485724,0.999894227787678,"HIPE","Glycerolipids","Triacylglycerols","TG(56:5)",NA,NA,"Triacylglycerols","ns"
"TG64",-0.0301428046929618,-0.413494267370185,0.353208657984261,0.803692860813351,-0.158266764216273,0.874938292261372,0.999894227787678,-4.77891718072436,-0.0301428046929618,0.874938292261372,0.999894227787678,"HIPE","Glycerolipids","Triacylglycerols","TG(56:6)",NA,NA,"Triacylglycerols","ns"
"TG65",-0.00973433160531952,-0.403530329664491,0.384061666453852,0.238601617794848,-0.049755148481643,0.960532595116735,0.999894227787678,-4.7825261364938,-0.00973433160531952,0.960532595116735,0.999894227787678,"HIPE","Glycerolipids","Triacylglycerols","TG(56:7)",NA,NA,"Triacylglycerols","ns"
"TG66",-0.0109906374681596,-0.436176710227657,0.414195435291338,2.70805598983082,-0.0520309803774387,0.958729245420504,0.999894227787678,-4.78248907352529,-0.0109906374681596,0.958729245420504,0.999894227787678,"HIPE","Glycerolipids","Triacylglycerols","TG(56:7)",NA,NA,"Triacylglycerols","ns"
"TG67",-0.0304489947720551,-0.531486532281009,0.470588542736899,-0.196678020653585,-0.12232658515836,0.903173104826593,0.999894227787678,-4.78052907771336,-0.0304489947720551,0.903173104826593,0.999894227787678,"HIPE","Glycerolipids","Triacylglycerols","TG(56:8)",NA,NA,"Triacylglycerols","ns"
"TG68",-0.091234641703816,-0.559589404476684,0.377120121069052,2.01585379471722,-0.392105547453774,0.696790600710274,0.999894227787678,-4.75839702530802,-0.091234641703816,0.696790600710274,0.999894227787678,"HIPE","Glycerolipids","Triacylglycerols","TG(56:8)",NA,NA,"Triacylglycerols","ns"
"TG69",-0.2954450238648,-1.10606445483732,0.515174407107719,0.71369757472928,-0.733740626488877,0.466849759545914,0.999894227787678,-4.69763663936286,-0.2954450238648,0.466849759545914,0.999894227787678,"HIPE","Glycerolipids","Triacylglycerols","TG(58:1)",NA,NA,"Triacylglycerols","ns"
"TG70",-0.198518053112918,-0.987957821058036,0.5909217148322,0.60772662518056,-0.506248679715863,0.615112589072736,0.999894227787678,-4.74211282314576,-0.198518053112918,0.615112589072736,0.999894227787678,"HIPE","Glycerolipids","Triacylglycerols","TG(58:2)",NA,NA,"Triacylglycerols","ns"
"TG71",-0.237118132123532,-0.950133200431975,0.475896936184911,0.591628411700295,-0.669497490659984,0.506542434287863,0.999894227787678,-4.71180029961672,-0.237118132123532,0.506542434287863,0.999894227787678,"HIPE","Glycerolipids","Triacylglycerols","TG(58:3)",NA,NA,"Triacylglycerols","ns"
"TG72",-0.290464712581155,-0.8436317642862,0.26270233912389,0.249753139964467,-1.05706414333604,0.296022357329314,0.999894227787678,-4.607764898339,-0.290464712581155,0.296022357329314,0.999894227787678,"HIPE","Glycerolipids","Triacylglycerols","TG(58:4)",NA,NA,"Triacylglycerols","ns"
"TG73",-0.0499523696726571,-0.504504627567498,0.404599888222184,1.17145687377936,-0.221202704686235,0.825913337047164,0.999894227787678,-4.77510190606036,-0.0499523696726571,0.825913337047164,0.999894227787678,"HIPE","Glycerolipids","Triacylglycerols","TG(58:6)",NA,NA,"Triacylglycerols","ns"
"TG74",0.0837822962836854,-0.405487027639931,0.573051620207301,1.15991457238814,0.344685035348045,0.731901747262801,0.999894227787678,-4.76395824682372,0.0837822962836854,0.731901747262801,0.999894227787678,"HIPE","Glycerolipids","Triacylglycerols","TG(58:7)",NA,NA,"Triacylglycerols","ns"
"TG75",-0.0433470113971732,-0.374285789249092,0.287591766454746,0.850497052819785,-0.263642055844328,0.793231415280686,0.999894227787678,-4.77181779051673,-0.0433470113971732,0.793231415280686,0.999894227787678,"HIPE","Glycerolipids","Triacylglycerols","TG(58:8)",NA,NA,"Triacylglycerols","ns"
"TG76",-0.0847567666479001,-0.457704522404822,0.288190989109022,0.448371531920909,-0.457435189439466,0.649508212536741,0.999894227787678,-4.74957841775674,-0.0847567666479001,0.649508212536741,0.999894227787678,"HIPE","Glycerolipids","Triacylglycerols","TG(58:9)",NA,NA,"Triacylglycerols","ns"
"TG77",-0.104043844810844,-0.530008516485748,0.321920826864059,-0.276551669207372,-0.491655574959883,0.625300213518346,0.999894227787678,-4.74442494883443,-0.104043844810844,0.625300213518346,0.999894227787678,"HIPE","Glycerolipids","Triacylglycerols","TG(58:10)",NA,NA,"Triacylglycerols","ns"
"TG80",-0.334335190885284,-1.08084840639286,0.412178024622293,0.0297408685278624,-0.90162820122956,0.37197576536441,0.999894227787678,-4.65478506094276,-0.334335190885284,0.37197576536441,0.999894227787678,"HIPE","Glycerolipids","Triacylglycerols","TG(60:2)",NA,NA,"Triacylglycerols","ns"
"TG81",-0.226413386028458,-0.907176548895414,0.454349776838497,-0.105663590622149,-0.669559148918297,0.506503478192684,0.999894227787678,-4.7117873062452,-0.226413386028458,0.506503478192684,0.999894227787678,"HIPE","Glycerolipids","Triacylglycerols","TG(60:3)",NA,NA,"Triacylglycerols","ns"
"TG83",-0.0808839908321491,-0.507053561225626,0.345285579561328,0.816375968945364,-0.382030723893119,0.704197390379474,0.999894227787678,-4.75963781803187,-0.0808839908321491,0.704197390379474,0.999894227787678,"HIPE","Glycerolipids","Triacylglycerols","TG(53:4)",NA,NA,"Triacylglycerols","ns"
"TG84",-0.117675979976876,-0.91457138055907,0.679219420605318,1.09379202385998,-0.297282537854509,0.767596228781986,0.999894227787678,-4.76880617457154,-0.117675979976876,0.767596228781986,0.999894227787678,"HIPE","Glycerolipids","Triacylglycerols","TG(45:1)",NA,NA,"Triacylglycerols","ns"
