"Lipid","logFC","CI.L","CI.R","AveExpr","t","P.Value","adj.P.Val","B","log2FC","p_value","adj_p_value","CLASS","SUBCLASS A","Individual_Notation","HMDB","KEGG","SubclassB","cat_volcano"
"Cer_02",0.0424151314678009,-0.089840572413765,0.174670835349367,0.178896737119311,0.636288939203545,0.526045246666052,0.68907549693341,-4.82047593636079,0.0424151314678009,0.526045246666052,0.68907549693341,"Sphingolipids","Ceramides","Cer(d18:1/16:0)","HMDB04949","C00195","Sphingolipids","ns"
"Cer_03",0.108479728214922,-0.108862313105701,0.325821769535544,0.121817200678667,0.990268157432866,0.324438770103135,0.553454372528877,-4.68381165494834,0.108479728214922,0.324438770103135,0.553454372528877,"Sphingolipids","Ceramides","Cer(d18:1/20:0)","HMDB04951","C00195","Sphingolipids","ns"
"Cer_05",0.105400907113063,-0.108023900826987,0.318825715053112,-0.230539281266095,0.979822519865682,0.329543842589858,0.558512616337357,-4.68867569206245,0.105400907113063,0.329543842589858,0.558512616337357,"Sphingolipids","Ceramides","Cer(d18:1/22:0)","HMDB04952","C00195","Sphingolipids","ns"
"Cer_06",0.0911620598259058,-0.142395221847397,0.324719341499208,0.360306568050614,0.774405957350307,0.44052218997481,0.638281206892525,-4.77409447306835,0.0911620598259058,0.44052218997481,0.638281206892525,"Sphingolipids","Ceramides","Cer(40:2)",NA,NA,"Sphingolipids","ns"
"Cer_07",0.169433011185597,-0.0505907458133765,0.38945676818457,-0.397545634870245,1.52783488022705,0.129717939046449,0.384731614671854,-4.36716025584301,0.169433011185597,0.129717939046449,0.384731614671854,"Sphingolipids","Ceramides","Cer(d18:1/23:0)","HMDB00950",NA,"Sphingolipids","ns"
"Cer_09",0.0967155213124001,-0.112282149795654,0.305713192420454,-0.471184977177155,0.918126870548919,0.360766808103565,0.573733026744686,-4.71638134505477,0.0967155213124001,0.360766808103565,0.573733026744686,"Sphingolipids","Ceramides","Cer(d18:1/24:0)","HMDB04956","C00195","Sphingolipids","ns"
"Cer_10_Cer_11",0.103627335272785,-0.0932109355459377,0.300465606091509,-0.131245735039478,1.04451037234044,0.298773619347755,0.534109004450439,-4.65775016093852,0.103627335272785,0.298773619347755,0.534109004450439,"Sphingolipids","Ceramides","Cer(d18:1/24:1)+Cer(d18:2/24:0)",NA,NA,"Sphingolipids","ns"
"Cer_12",0.0177082958453266,-0.207152197316321,0.242568789006974,0.207246183965818,0.156246960514857,0.876154100476813,0.918378394475696,-4.91143937435546,0.0177082958453266,0.876154100476813,0.918378394475696,"Sphingolipids","Ceramides","Cer(42:3)",NA,NA,"Sphingolipids","ns"
"Cer_13",0.142497327820926,-0.0648759428432017,0.349870598485054,0.268132545775987,1.36333288528508,0.175846406635251,0.40259572045439,-4.47768012549602,0.142497327820926,0.175846406635251,0.40259572045439,"Sphingolipids","Ceramides","Cer(d18:1/18:0)","HMDB04950","C00195","Sphingolipids","ns"
"Cer_14",0.195522283915602,-0.0737097299266072,0.464754297757812,1.10228505730528,1.44084588167318,0.152759453297477,0.389159908404715,-4.42707228109591,0.195522283915602,0.152759453297477,0.389159908404715,"Sphingolipids","Ceramides","Cer(43:1)","HMDB04957","C00195","Sphingolipids","ns"
"Cer_15",0.0673926923014805,-0.141706922761892,0.276492307364853,-0.0569338030636255,0.639451397489926,0.523994935177085,0.68907549693341,-4.81951414262158,0.0673926923014805,0.523994935177085,0.68907549693341,"Sphingolipids","Ceramides","Cer(d18:1/25:0)","HMDB04957","C00195","Sphingolipids","ns"
"Cho_01",-0.0123017763271339,-0.0675343613835007,0.042930808729233,-0.0396884836063887,-0.441896359719992,0.659520606133954,0.782431264549827,-4.87052261054634,-0.0123017763271339,0.659520606133954,0.782431264549827,"Sterols","Cholesterol and derivatives","Cholesterol","HMDB00067","C00187","Sterols","ns"
"ChoE_03",0.0269894836160569,-0.103462675616298,0.157441642848412,-0.0704956201027324,0.410479309490242,0.68233461724553,0.805834095480015,-4.87692852754691,0.0269894836160569,0.68233461724553,0.805834095480015,"Sterols","Cholesteryl Ester","ChoE(16:0)","HMDB00885","C11251","Sterols","ns"
"ChoE_04",-0.0831428850904027,-0.303415799748071,0.137130029567265,-0.0374950215402087,-0.748879530205154,0.455691848341822,0.645249350795622,-4.7833397500333,-0.0831428850904027,0.455691848341822,0.645249350795622,"Sterols","Cholesteryl Ester","ChoE(16:1)","HMDB00658","C02530","Sterols","ns"
"ChoE_06",0.0933172599690241,-0.0890515076490778,0.275686027587126,0.257713750350599,1.0152184052041,0.312457523097774,0.53720686186427,-4.67199109986144,0.0933172599690241,0.312457523097774,0.53720686186427,"Sterols","Cholesteryl Ester","ChoE(18:0)","HMDB10368","C02530","Sterols","ns"
"ChoE_09",-0.0980769943706662,-0.280900566241297,0.0847465774999646,-0.81110436684499,-1.06434622989707,0.289741200742,0.525155926344875,-4.64788414050206,-0.0980769943706662,0.289741200742,0.525155926344875,"Sterols","Cholesteryl Ester","ChoE(18:3)","HMDB10370","C02530","Sterols","ns"
"ChoE_11",-0.162583091962048,-0.3781203404616,0.0529541565375046,-0.275353539422159,-1.49658370323046,0.137658624249457,0.389159908404715,-4.38906109010865,-0.162583091962048,0.137658624249457,0.389159908404715,"Sterols","Cholesteryl Ester","ChoE(20:3)","HMDB10373",NA,"Sterols","ns"
"ChoE_14",-0.0826996512360863,-0.293506333537144,0.128107031064972,-0.341628223306268,-0.778336276306144,0.438212895473788,0.638281206892525,-4.77264394160682,-0.0826996512360863,0.438212895473788,0.638281206892525,"Sterols","Cholesteryl Ester","ChoE(22:4)","HMDB06729","C02530","Sterols","ns"
"ChoE_15",0.000683683332804358,-0.162110471465336,0.163477838130945,-0.136142112867218,0.00833228570251589,0.993368513927854,0.993368513927854,-4.91727780946565,0.000683683332804358,0.993368513927854,0.993368513927854,"Sterols","Cholesteryl Ester","ChoE(22:5)","HMDB10375",NA,"Sterols","ns"
"ChoE_18",-0.0274063426789323,-0.208971331989502,0.154158646631637,-0.348692650478455,-0.299479392076069,0.765197319812487,0.871650966439073,-4.89579499739468,-0.0274063426789323,0.765197319812487,0.871650966439073,"Sterols","Cholesteryl Ester","ChoE(17:1)",NA,NA,"Sterols","ns"
"CMH_01",0.0539064013499927,-0.0788914172495194,0.186704219949505,-0.192109337291539,0.805373558208864,0.422519501162315,0.630487174797869,-4.76247028461261,0.0539064013499927,0.422519501162315,0.630487174797869,"Sphingolipids","Monohexosylceramides","CMH(d18:1/16:0)","HMDB04971","C01190","Sphingolipids","ns"
"CMH_02",0.0873735582657063,-0.0943319364296042,0.269079052961017,-0.307091176323045,0.954025383072192,0.34237667620512,0.56557159803504,-4.7004735073612,0.0873735582657063,0.34237667620512,0.56557159803504,"Sphingolipids","Monohexosylceramides","CMH(d18:1/22:0)","HMDB04974","C01190","Sphingolipids","ns"
"CMH_03",0.0708694375740832,-0.108706155631889,0.250445030780056,-0.774337020104655,0.78299618136912,0.435484102114468,0.638281206892525,-4.77091480913897,0.0708694375740832,0.435484102114468,0.638281206892525,"Sphingolipids","Monohexosylceramides","CMH(d18:1/24:0)","HMDB04978",NA,"Sphingolipids","ns"
"CMH_09",0.0938311863654077,-0.0994430288829808,0.287105401613796,0.0321651888250837,0.963210606971565,0.337770752716835,0.562432651516815,-4.69630788983927,0.0938311863654077,0.337770752716835,0.562432651516815,"Sphingolipids","Monohexosylceramides","CMH(d18:1/23:0)",NA,NA,"Sphingolipids","ns"
"DAPC03",0.0222329854011294,-0.0738424862538229,0.118308457056082,-0.0309730751990613,0.459127414462999,0.647141468144104,0.774788638466107,-4.86680988565498,0.0222329854011294,0.647141468144104,0.774788638466107,"Glycerophospholipids","Diacylglycerophosphocholine","PC(16:0/16:0)","HMDB00564","C00157","Glycerophospholipids","ns"
"DAPC04",0.00824749941193991,-0.238507510206521,0.255002509030401,1.25246781126303,0.0663138560755471,0.947260662230474,0.962004018841065,-4.91623962650941,0.00824749941193991,0.947260662230474,0.962004018841065,"Glycerophospholipids","Diacylglycerophosphocholine","PC(32:1)",NA,NA,"Glycerophospholipids","ns"
"DAPC05",0.0262688744953052,-0.209354246164164,0.261891995154774,1.13827535893239,0.22119307673568,0.825394188708823,0.903122246225573,-4.90556246300778,0.0262688744953052,0.825394188708823,0.903122246225573,"Glycerophospholipids","Diacylglycerophosphocholine","PC(14:0/18:2)","HMDB07874","C00157","Glycerophospholipids","ns"
"DAPC06",0.0905816896941573,-0.0336206621827243,0.214784041571039,-0.723619810642684,1.44696679692697,0.151041068072936,0.389159908404715,-4.42296404339945,0.0905816896941573,0.151041068072936,0.389159908404715,"Glycerophospholipids","Diacylglycerophosphocholine","PC(16:0/18:0)","HMDB07970","C00157","Glycerophospholipids","ns"
"DAPC07",0.031327390097954,-0.0875398604537261,0.150194640649634,0.180925825828366,0.522889553333021,0.602210471506656,0.749070961661425,-4.85184519793642,0.031327390097954,0.602210471506656,0.749070961661425,"Glycerophospholipids","Diacylglycerophosphocholine","PC(16:0/18:1)","HMDB07972","C00157","Glycerophospholipids","ns"
"DAPC09",0.0186305572391702,-0.25794214002032,0.295203254498661,0.745040835829785,0.133649519413164,0.893949099739161,0.923140310049051,-4.91301026872181,0.0186305572391702,0.893949099739161,0.923140310049051,"Glycerophospholipids","Diacylglycerophosphocholine","PC(14:0/20:4)","HMDB07883","C00157","Glycerophospholipids","ns"
"DAPC11",0.109973187990334,-0.0686690998074672,0.288615475788136,0.00115077566504718,1.22137917430815,0.224820908608389,0.451371208821458,-4.56348408491184,0.109973187990334,0.224820908608389,0.451371208821458,"Glycerophospholipids","Diacylglycerophosphocholine","PC(18:0/18:1)","HMDB08038","C00157","Glycerophospholipids","ns"
"DAPC12",0.0702285255991092,-0.0298635142694998,0.170320565467718,0.135005327740917,1.39207289737207,0.166995822763709,0.389159908404715,-4.45922312206669,0.0702285255991092,0.166995822763709,0.389159908404715,"Glycerophospholipids","Diacylglycerophosphocholine","PC(18:0/18:2)","HMDB08039","C00157","Glycerophospholipids","ns"
"DAPC13",0.0272121205737817,-0.201634824059635,0.256059065207198,-0.576719353389358,0.235920258674377,0.813978197781028,0.900204701783255,-4.90394889284934,0.0272121205737817,0.813978197781028,0.900204701783255,"Glycerophospholipids","Diacylglycerophosphocholine","PC(18:2/18:2)","HMDB08138","C00157","Glycerophospholipids","ns"
"DAPC14",0.0511561378075455,-0.0639969098008522,0.166309185415943,0.062082848828262,0.88139438578365,0.380222944176681,0.590703502560201,-4.73204309214306,0.0511561378075455,0.380222944176681,0.590703502560201,"Glycerophospholipids","Diacylglycerophosphocholine","PC(16:0/20:4)","HMDB07982","C00157","Glycerophospholipids","ns"
"DAPC15",0.0668282700610218,-0.187085248438151,0.320741788560195,0.285788655816532,0.522182559958279,0.602700773750572,0.749070961661425,-4.8520216970068,0.0668282700610218,0.602700773750572,0.749070961661425,"Glycerophospholipids","Diacylglycerophosphocholine","PC(16:0/20:5)","HMDB07984","C00157","Glycerophospholipids","ns"
"DAPC16",0.051145652215302,-0.21346267584302,0.315753980273624,1.4691535519605,0.383489237454272,0.702173046839986,0.821825853027966,-4.88205657443869,0.051145652215302,0.702173046839986,0.821825853027966,"Glycerophospholipids","Diacylglycerophosphocholine","PC(18:3/18:3)","HMDB08206","C00157","Glycerophospholipids","ns"
"DAPC17",0.111743483119234,-0.0739292302406869,0.297416196479154,0.0467256129727563,1.19404883162081,0.235290251562102,0.461735004945178,-4.57897243462938,0.111743483119234,0.235290251562102,0.461735004945178,"Glycerophospholipids","Diacylglycerophosphocholine","PC(20:0/18:2)","HMDB08270","C00157","Glycerophospholipids","ns"
"DAPC18",0.104669183844136,-0.115866332718621,0.325204700406893,0.473971700398252,0.941647297133908,0.348647834789354,0.568603889283958,-4.7060257217612,0.104669183844136,0.348647834789354,0.568603889283958,"Glycerophospholipids","Diacylglycerophosphocholine","PC(18:0/20:3)","HMDB08046","C00157","Glycerophospholipids","ns"
"DAPC19",0.0886652324143766,-0.0569226692971495,0.234253134125903,0.0433207940404126,1.20830351148629,0.229786844237507,0.454351260196888,-4.57093598345315,0.0886652324143766,0.229786844237507,0.454351260196888,"Glycerophospholipids","Diacylglycerophosphocholine","PC(18:0/20:4)","HMDB08048","C00157","Glycerophospholipids","ns"
"DAPC20",0.0587695712400429,-0.0687445358693763,0.186283678349462,-0.0747734304485171,0.914412713647343,0.362704787022503,0.573733026744686,-4.7179932930825,0.0587695712400429,0.362704787022503,0.573733026744686,"Glycerophospholipids","Diacylglycerophosphocholine","PC(38:5)",NA,NA,"Glycerophospholipids","ns"
"DAPC21",0.100412731093992,-0.0720636644314613,0.272889126619446,0.733150291808208,1.15506674249971,0.250822158864577,0.484922840471515,-4.6004830298474,0.100412731093992,0.250822158864577,0.484922840471515,"Glycerophospholipids","Diacylglycerophosphocholine","PC(38:5)",NA,NA,"Glycerophospholipids","ns"
"DAPC23",0.0563828476815527,-0.117331131207193,0.230096826570298,-0.276887171584229,0.643961949387384,0.521077828360982,0.68907549693341,-4.81813420773965,0.0563828476815527,0.521077828360982,0.68907549693341,"Glycerophospholipids","Diacylglycerophosphocholine","PC(18:2/20:4)","HMDB08147","C00157","Glycerophospholipids","ns"
"DAPC24",0.0932870520769134,-0.0244609410111761,0.211035045165003,0.674434606490635,1.57186709716997,0.1191475904788,0.382594809159304,-4.33558906764941,0.0932870520769134,0.1191475904788,0.382594809159304,"Glycerophospholipids","Diacylglycerophosphocholine","PC(16:0/22:6)","HMDB07991","C00157","Glycerophospholipids","ns"
"DAPC26",0.11826280357955,-0.109327079934667,0.345852687093767,-0.0505654516933829,1.0309632495326,0.305050957223152,0.53720686186427,-4.66438512123063,0.11826280357955,0.305050957223152,0.53720686186427,"Glycerophospholipids","Diacylglycerophosphocholine","PC(18:0/22:4)","HMDB08054","C00157","Glycerophospholipids","ns"
"DAPC27",0.106876385321236,-0.0200125438296365,0.233765314472108,0.194949615914863,1.67111367213418,0.0978333813970029,0.378892483690515,-4.26139470848026,0.106876385321236,0.0978333813970029,0.378892483690515,"Glycerophospholipids","Diacylglycerophosphocholine","PC(20:0/20:4)","HMDB08279","C00157","Glycerophospholipids","ns"
"DAPC28",0.171848753464634,-0.033038834077098,0.376736341006366,0.922963542749843,1.66409725800548,0.0992310205807756,0.378892483690515,-4.26677716025278,0.171848753464634,0.0992310205807756,0.378892483690515,"Glycerophospholipids","Diacylglycerophosphocholine","PC(40:5)",NA,NA,"Glycerophospholipids","ns"
"DAPC29",0.111326633506725,-0.0641856214647641,0.286838888478214,0.176348208847766,1.25846052664037,0.211162372287406,0.440907033336104,-4.5419350751678,0.111326633506725,0.211162372287406,0.440907033336104,"Glycerophospholipids","Diacylglycerophosphocholine","PC(18:0/22:5)","HMDB08056","C00157","Glycerophospholipids","ns"
"DAPC30",0.200353699135519,0.0113186049492426,0.389388793321795,1.02890781543768,2.10282385349232,0.0379977159678315,0.363239758682158,-3.89122394616402,0.200353699135519,0.0379977159678315,0.363239758682158,"Glycerophospholipids","Diacylglycerophosphocholine","PC(18:0/22:6)","HMDB08057","C00157","Glycerophospholipids","Glycerophospholipids"
"DAPC32",0.12062745813681,-0.0510525140013785,0.292307430274998,0.520389502562317,1.39403767127566,0.166403401596349,0.389159908404715,-4.45794808447646,0.12062745813681,0.166403401596349,0.389159908404715,"Glycerophospholipids","Diacylglycerophosphocholine","PC(18:1/22:6)","HMDB08123","C00157","Glycerophospholipids","ns"
"DAPC34",0.0444014089578737,-0.131226291337743,0.22002910925349,-0.142464675723774,0.50159327419817,0.617058758922053,0.74908063292398,-4.85705785370684,0.0444014089578737,0.617058758922053,0.74908063292398,"Glycerophospholipids","Diacylglycerophosphocholine","PC(40:8)",NA,NA,"Glycerophospholipids","ns"
"DAPC37",0.0833010983472226,-0.119039190910593,0.285641387605038,-0.0544110323691408,0.816801127975206,0.415988292423503,0.630487174797869,-4.75806790621049,0.0833010983472226,0.415988292423503,0.630487174797869,"Glycerophospholipids","Diacylglycerophosphocholine","PC(22:4/20:4)","HMDB08640","C00157","Glycerophospholipids","ns"
"DAPC38",-0.0766265256661388,-0.296798664816097,0.143545613483819,0.630407551811784,-0.69050168107632,0.491482111503506,0.668108495325079,-4.80333738593719,-0.0766265256661388,0.491482111503506,0.668108495325079,"Glycerophospholipids","Diacylglycerophosphocholine","PC(16:1/18:2)","HMDB08006","C00157","Glycerophospholipids","ns"
"DAPC39_DAPC40",0.123990316623748,-0.140538600777845,0.388519234025341,0.506799545878114,0.929956388135945,0.354638437152831,0.5712506273234,-4.71120490122193,0.123990316623748,0.354638437152831,0.5712506273234,"Glycerophospholipids","Diacylglycerophosphocholine","PC(34:3)",NA,NA,"Glycerophospholipids","ns"
"DAPC41_DAPC42",0.0430517519983809,-0.101911864339336,0.188015368336098,0.107037264461167,0.589223124662126,0.557043529523992,0.712688045126283,-4.83423288838009,0.0430517519983809,0.557043529523992,0.712688045126283,"Glycerophospholipids","Diacylglycerophosphocholine","PC(36:3)",NA,NA,"Glycerophospholipids","ns"
"DAPC44",-0.0670933321182016,-0.324443459576258,0.190256795339855,0.21180540210279,-0.517252908178395,0.606124562500087,0.74908063292398,-4.85324578886845,-0.0670933321182016,0.606124562500087,0.74908063292398,"Glycerophospholipids","Diacylglycerophosphocholine","PC(16:1/20:4)",NA,NA,"Glycerophospholipids","ns"
"DAPC45",0.0592938706394556,-0.100511972918109,0.21909971419702,0.740668017269812,0.736147960481025,0.463368048113519,0.645249350795622,-4.78783709237733,0.0592938706394556,0.463368048113519,0.645249350795622,"Glycerophospholipids","Diacylglycerophosphocholine","PC(31:0)",NA,NA,"Glycerophospholipids","ns"
"DAPC46",0.121383215361618,-0.348088243531053,0.59085467425429,1.27999402303865,0.512995177396445,0.60909214257805,0.74908063292398,-4.85429228083181,0.121383215361618,0.60909214257805,0.74908063292398,"Glycerophospholipids","Diacylglycerophosphocholine","PC(14:0/14:0)","HMDB07866","C00157","Glycerophospholipids","ns"
"DAPC47",0.138464065820491,-0.189502367313001,0.466430498953982,1.21733884696838,0.83766722455036,0.404225875491392,0.617858155126331,-4.74987040131268,0.138464065820491,0.404225875491392,0.617858155126331,"Glycerophospholipids","Diacylglycerophosphocholine","PC(30:0)",NA,NA,"Glycerophospholipids","ns"
"DAPC51",0.0322766397461345,-0.0948897931436638,0.159443072635933,-0.159569970601537,0.503574573201146,0.615670493113355,0.74908063292398,-4.85658196553999,0.0322766397461345,0.615670493113355,0.74908063292398,"Glycerophospholipids","Diacylglycerophosphocholine","PC(40:1)",NA,NA,"Glycerophospholipids","ns"
"DAPE03",0.155033710787707,-0.17719963386415,0.487267055439563,0.54081679807268,0.925863073997726,0.356758054611932,0.5712506273234,-4.71300130704726,0.155033710787707,0.356758054611932,0.5712506273234,"Glycerophospholipids","Diacylglycerophosphoethanolamine","PE(16:0/18:2)","HMDB08928","C00350","Glycerophospholipids","ns"
"DAPE04",0.183742213049275,-0.0740561176108626,0.441540543709413,0.831601348196332,1.41408921384425,0.160448844244119,0.389159908404715,-4.4448389255204,0.183742213049275,0.160448844244119,0.389159908404715,"Glycerophospholipids","Diacylglycerophosphocholine","PC(16:0/17:0)",NA,NA,"Glycerophospholipids","ns"
"DAPE05",0.127593511532336,-0.0996723950258231,0.354859418090494,0.917873786108301,1.1138899046302,0.268002854328116,0.499633892711701,-4.62246008100838,0.127593511532336,0.268002854328116,0.499633892711701,"Glycerophospholipids","Diacylglycerophosphocholine","PC(33:1)",NA,NA,"Glycerophospholipids","ns"
"DAPE06",0.063166843244054,-0.11111282616708,0.237446512655188,0.897878828180523,0.719101862780531,0.473759183274369,0.654238872140795,-4.79373973480043,0.063166843244054,0.473759183274369,0.654238872140795,"Glycerophospholipids","Diacylglycerophosphocholine","PC(15:0/18:2)","HMDB07940","C00157","Glycerophospholipids","ns"
"DAPE08",0.133005053342813,-0.105451170854028,0.371461277539654,0.36539023695496,1.10664275828846,0.271109681614422,0.501841325541589,-4.62624864046901,0.133005053342813,0.271109681614422,0.501841325541589,"Glycerophospholipids","Diacylglycerophosphoethanolamine","PE(16:0/20:4)","HMDB08937","C00350","Glycerophospholipids","ns"
"DAPE11",0.185524012747375,-0.0674794458485508,0.438527471343301,1.23094022502346,1.45486145785105,0.148846846895623,0.389159908404715,-4.41764120875929,0.185524012747375,0.148846846895623,0.389159908404715,"Glycerophospholipids","Diacylglycerophosphocholine","PC(17:0/18:1)",NA,NA,"Glycerophospholipids","ns"
"DAPE12",0.153543498949578,-0.0352947926702493,0.342381790569405,0.266437191083242,1.6132041771668,0.109859019397311,0.382594809159304,-4.30519510402346,0.153543498949578,0.109859019397311,0.382594809159304,"Glycerophospholipids","Diacylglycerophosphocholine","PC(16:0/19:1)",NA,NA,"Glycerophospholipids","ns"
"DAPE13",0.177620363862926,-0.0209978543186873,0.376238582044539,1.1172012772867,1.77427789348451,0.0790677849790717,0.378892483690515,-4.17987133143214,0.177620363862926,0.0790677849790717,0.378892483690515,"Glycerophospholipids","Diacylglycerophosphocholine","PC(17:1/18:1)",NA,NA,"Glycerophospholipids","ns"
"DAPE14",0.123998365522532,-0.0354712022718981,0.283467933316963,0.357538685673342,1.54271645200836,0.126065722558238,0.382594809159304,-4.35658329306314,0.123998365522532,0.126065722558238,0.382594809159304,"Glycerophospholipids","Diacylglycerophosphocholine","PC(17:0/18:2)",NA,NA,"Glycerophospholipids","ns"
"DAPE15",0.127577660962516,-0.0884080601794301,0.343563382104461,-0.00166834199043912,1.1719189104576,0.244020674435785,0.475294000207015,-4.59126784181028,0.127577660962516,0.244020674435785,0.475294000207015,"Glycerophospholipids","Diacylglycerophosphocholine","PC(17:1/18:2)",NA,NA,"Glycerophospholipids","ns"
"DAPE17",0.0739048017785981,-0.140051253739297,0.287860857296493,0.843826355096652,0.685324158416741,0.494728717464898,0.669037281131286,-4.80503383751889,0.0739048017785981,0.494728717464898,0.669037281131286,"Glycerophospholipids","Diacylglycerophosphocholine","PC(15:0/20:4)","HMDB07949","C00157","Glycerophospholipids","ns"
"DAPE18",0.195567364432779,-0.0325732204646013,0.423707949330159,0.2707203168019,1.70075517066434,0.092104159475139,0.378892483690515,-4.23842727336303,0.195567364432779,0.092104159475139,0.378892483690515,"Glycerophospholipids","Diacylglycerophosphoethanolamine","PE(18:0/20:4)","HMDB09003","C00350","Glycerophospholipids","ns"
"DAPE21",0.209860696065077,-0.0881703267482671,0.507891718878421,1.04546788066195,1.39709518360313,0.165489556450448,0.389159908404715,-4.45596400592242,0.209860696065077,0.165489556450448,0.389159908404715,"Glycerophospholipids","Diacylglycerophosphoethanolamine","PE(16:0/22:6)","HMDB08946","C00350","Glycerophospholipids","ns"
"DAPE23",0.198693301164588,0.0223180523099021,0.375068550019274,0.722338056019464,2.23508247558473,0.0276417229402561,0.363239758682158,-3.76297958667829,0.198693301164588,0.0276417229402561,0.363239758682158,"Glycerophospholipids","Diacylglycerophosphocholine","PC(37:2)",NA,NA,"Glycerophospholipids","Glycerophospholipids"
"DAPE24",0.177868899546831,-0.0623343180065038,0.418072117100165,0.703701295616309,1.46916023568339,0.14493567401268,0.389159908404715,-4.40793149937336,0.177868899546831,0.14493567401268,0.389159908404715,"Glycerophospholipids","Diacylglycerophosphocholine","PC(19:1/18:2)",NA,NA,"Glycerophospholipids","ns"
"DAPE25",0.115386298007668,-0.122559710245544,0.35333230626088,0.447742517641998,0.962107907208074,0.33832155665954,0.562432651516815,-4.69681002765103,0.115386298007668,0.33832155665954,0.562432651516815,"Glycerophospholipids","Diacylglycerophosphocholine","PC(17:0/20:3)",NA,NA,"Glycerophospholipids","ns"
"DAPE26",0.143234705939028,-0.0884201929705686,0.374889604848625,1.23170260666768,1.22674625130315,0.222805264847214,0.451371208821458,-4.56040318270416,0.143234705939028,0.222805264847214,0.451371208821458,"Glycerophospholipids","Diacylglycerophosphocholine","PC(17:0/20:4)",NA,NA,"Glycerophospholipids","ns"
"DAPE28",0.0739859411719984,-0.177924724732024,0.325896607076021,0.411975950081535,0.582707508833972,0.561404970845736,0.714764377515791,-4.83605498984976,0.0739859411719984,0.561404970845736,0.714764377515791,"Glycerophospholipids","Diacylglycerophosphocholine","PC(37:5)",NA,NA,"Glycerophospholipids","ns"
"DAPE30",0.160389468402593,-0.0669681284178706,0.387747065223057,1.79619547726663,1.39963355401354,0.164724913827805,0.389159908404715,-4.45430736662406,0.160389468402593,0.164724913827805,0.389159908404715,"Glycerophospholipids","Diacylglycerophosphocholine","PC(15:0/22:6)","HMDB07958","C00157","Glycerophospholipids","ns"
"DAPE42",0.269077799636569,-0.0411400621275501,0.579295661400688,-0.533926435929915,1.72096150653734,0.0883647403316465,0.378892483690515,-4.22257840178479,0.269077799636569,0.0883647403316465,0.378892483690515,"Glycerophospholipids","Diacylglycerophosphoethanolamine","PE(18:0/18:1)",NA,NA,"Glycerophospholipids","ns"
"DAPI01",0.162597918012631,-0.133198286276299,0.458394122301562,0.162459348646579,1.09063327383662,0.278065549383945,0.511092312600068,-4.63453299874882,0.162597918012631,0.278065549383945,0.511092312600068,"Glycerophospholipids","Diacylglycerophosphoinositol","PI(16:0/18:1)","HMDB09783","C00626","Glycerophospholipids","ns"
"DAPI02",0.157126276334443,-0.0853409706375513,0.399593523306438,-0.0743341994862135,1.28571202166925,0.201519915878648,0.432393851088676,-4.52570738768714,0.157126276334443,0.201519915878648,0.432393851088676,"Glycerophospholipids","Diacylglycerophosphoinositol","PI(16:0/18:2)","HMDB09784","C00626","Glycerophospholipids","ns"
"DAPI03",0.104997107624583,-0.156004027808262,0.365998243057427,-0.513400454034763,0.798147038578305,0.42668097590103,0.632748492671414,-4.76522285890364,0.104997107624583,0.42668097590103,0.632748492671414,"Glycerophospholipids","Diacylglycerophosphoinositol","PI(18:0/18:1)","HMDB09837","C00626","Glycerophospholipids","ns"
"DAPI04",0.12447865945665,-0.0613387900385512,0.310296108951851,-0.417958241092679,1.32909607515363,0.186847873009817,0.416814485944977,-4.49919240196468,0.12447865945665,0.186847873009817,0.416814485944977,"Glycerophospholipids","Diacylglycerophosphoinositol","PI(18:0/18:2)","HMDB09809","C00626","Glycerophospholipids","ns"
"DAPI05",0.0115356050126136,-0.216271755334283,0.23934296535951,0.330228408617963,0.1004663427086,0.920175724196195,0.945534897697665,-4.91487343965719,0.0115356050126136,0.920175724196195,0.945534897697665,"Glycerophospholipids","Diacylglycerophosphoinositol","PI(18:0/20:3)","HMDB09813","C00626","Glycerophospholipids","ns"
"DAPI06",0.187264087180664,-0.046523019942932,0.42105119430426,0.450005429287467,1.5892122664072,0.115176666861679,0.382594809159304,-4.32292445224525,0.187264087180664,0.115176666861679,0.382594809159304,"Glycerophospholipids","Diacylglycerophosphoinositol","PI(18:0/20:4)","HMDB09815","C00626","Glycerophospholipids","ns"
"DG02",0.369482237983376,-0.0191582898883711,0.758122765855124,-0.74262657935213,1.88629371593799,0.0621723421568938,0.363239758682158,-4.08640010475785,0.369482237983376,0.0621723421568938,0.363239758682158,"Glycerolipids","Diacylglycerols","DG(32:0)",NA,NA,"Glycerolipids","ns"
"DG03",0.265312606326557,-0.165113092890864,0.695738305543978,-0.11399713086184,1.22299176317588,0.224222459181079,0.451371208821458,-4.56256120140772,0.265312606326557,0.224222459181079,0.451371208821458,"Glycerolipids","Diacylglycerols","DG(32:1)",NA,NA,"Glycerolipids","ns"
"DG04",0.179637671005554,-0.214383004329348,0.573658346340455,-0.227738676586296,0.904570133786765,0.367878865076389,0.575824650432111,-4.72223202190904,0.179637671005554,0.367878865076389,0.575824650432111,"Glycerolipids","Diacylglycerols","DG(32:2)",NA,NA,"Glycerolipids","ns"
"DG05",0.332604275212152,-0.00609021048281799,0.671298760907123,-0.205534939703967,1.94842431690465,0.0541820786768741,0.363239758682158,-4.03233344307299,0.332604275212152,0.0541820786768741,0.363239758682158,"Glycerolipids","Diacylglycerols","DG(34:0)",NA,NA,"Glycerolipids","ns"
"DG06",0.242879982933294,-0.0693460463073002,0.555106012173889,-0.906906983054971,1.54341496412201,0.12590349887533,0.382594809159304,-4.35609461790692,0.242879982933294,0.12590349887533,0.382594809159304,"Glycerolipids","Diacylglycerols","DG(34:1)",NA,NA,"Glycerolipids","ns"
"DG07",0.200223199526164,-0.112519866946025,0.512966265998353,-0.637429490720469,1.27024295737631,0.206959289007396,0.435615922830084,-4.53496142249946,0.200223199526164,0.206959289007396,0.435615922830084,"Glycerolipids","Diacylglycerols","DG(34:2)",NA,NA,"Glycerolipids","ns"
"DG08",0.251755794287295,-0.0344374940216011,0.537949082596191,-0.269348445344858,1.74532143879758,0.0840121590133442,0.378892483690515,-4.2032149675991,0.251755794287295,0.0840121590133442,0.378892483690515,"Glycerolipids","Diacylglycerols","DG(36:2)",NA,NA,"Glycerolipids","ns"
"DG09",0.228061470281453,-0.0611804364401556,0.517303377003061,-0.216936801863702,1.56439384015927,0.120896120893338,0.382594809159304,-4.34101277123094,0.228061470281453,0.120896120893338,0.382594809159304,"Glycerolipids","Diacylglycerols","DG(36:3)",NA,NA,"Glycerolipids","ns"
"DG10",0.0922619178781869,-0.214905529836186,0.39942936559256,-1.09224674709567,0.595946410318131,0.552563733108337,0.710439085425005,-4.83233032335008,0.0922619178781869,0.552563733108337,0.710439085425005,"Glycerolipids","Diacylglycerols","DG(36:4)",NA,NA,"Glycerolipids","ns"
"DG11",0.222627004504954,-0.0827657126598858,0.528019721669794,-0.175656943505284,1.44636893632794,0.151215260922363,0.389159908404715,-4.42337245453817,0.222627004504954,0.151215260922363,0.389159908404715,"Glycerolipids","Diacylglycerols","DG(36:4)",NA,NA,"Glycerolipids","ns"
"DG12",0.343776494165314,-0.0175389293417242,0.705091917672352,-0.156131978692833,1.88778928770972,0.0619689697356803,0.363239758682158,-4.08511700478385,0.343776494165314,0.0619689697356803,0.363239758682158,"Glycerolipids","Diacylglycerols","DG(36:4)",NA,NA,"Glycerolipids","ns"
"DG33",0.304415078354187,-0.136591221747841,0.745421378456215,-0.952078246042611,1.36957306483869,0.17390428139196,0.401672720737182,-4.47370905372142,0.304415078354187,0.17390428139196,0.401672720737182,"Glycerolipids","Diacylglycerols","DG(30:0)",NA,NA,"Glycerolipids","ns"
"DG57",0.338243930259465,-0.0387703724652351,0.715258232984164,-0.426807092161024,1.78006567374533,0.078118767629615,0.378892483690515,-4.17519647575492,0.338243930259465,0.078118767629615,0.378892483690515,"Glycerolipids","Diacylglycerols","DG(36:1)",NA,NA,"Glycerolipids","ns"
"DG63",0.145562132542784,-0.0852312531362634,0.376355518221832,0.0208511072165677,1.25133334886573,0.213739189967712,0.442745464933117,-4.546124564112,0.145562132542784,0.213739189967712,0.442745464933117,"Glycerolipids","Diacylglycerols","DG(38:4)",NA,NA,"Glycerolipids","ns"
"DG66",0.275463812747031,-0.0163554177758998,0.567283043269962,0.436905009452099,1.87286312809342,0.0640192678137138,0.363239758682158,-4.09786091707391,0.275463812747031,0.0640192678137138,0.363239758682158,"Glycerolipids","Diacylglycerols","DG(38:5)",NA,NA,"Glycerolipids","ns"
"MEMAPC01",0.0451647084459887,-0.112340630165022,0.202670047057,0.587351992305562,0.568920915147005,0.570688382305773,0.723056639717509,-4.83984431926919,0.0451647084459887,0.570688382305773,0.723056639717509,"Glycerophospholipids","1-ether, 2-acylglycerophosphocholine","PC(O-16:0/14:0)",NA,NA,"Glycerophospholipids","ns"
"MEMAPC02",-0.0124208864284258,-0.177767966937488,0.152926194080637,0.324864529049754,-0.149040406805958,0.881822609167286,0.920622803970647,-4.91196693585346,-0.0124208864284258,0.881822609167286,0.920622803970647,"Glycerophospholipids","1-ether, 2-acylglycerophosphocholine","PC(P-16:0/14:0)","HMDB11203",NA,"Glycerophospholipids","ns"
"MEMAPC03",-0.00858898564383795,-0.132923842364007,0.115745871076332,0.297815325535418,-0.137055650806471,0.891263020243748,0.923140310049051,-4.91278917165304,-0.00858898564383795,0.891263020243748,0.923140310049051,"Glycerophospholipids","1-ether, 2-acylglycerophosphocholine","PC(O-16:0/16:0)",NA,NA,"Glycerophospholipids","ns"
"MEMAPC04",0.00568214534117886,-0.120587275106049,0.131951565788406,0.0317262529229548,0.0892816316678002,0.929037081068852,0.950896777094002,-4.91538245789094,0.00568214534117886,0.929037081068852,0.950896777094002,"Glycerophospholipids","1-ether, 2-acylglycerophosphocholine","PC(P-16:0/16:0)","HMDB11206",NA,"Glycerophospholipids","ns"
"MEMAPC05",0.047334716170389,-0.102201105824697,0.196870538165475,0.0621030317694884,0.628033055273937,0.531417319210333,0.690049354795507,-4.8229645873895,0.047334716170389,0.531417319210333,0.690049354795507,"Glycerophospholipids","1-ether, 2-acylglycerophosphocholine","PC(O-34:0)",NA,NA,"Glycerophospholipids","ns"
"MEMAPC06",-0.0257058579350296,-0.139974102798692,0.0885623869286327,0.0126748718845458,-0.44632839167656,0.656327314558824,0.782198306392023,-4.86958113550158,-0.0257058579350296,0.656327314558824,0.782198306392023,"Glycerophospholipids","1-ether, 2-acylglycerophosphocholine","PC(O-34:1)",NA,NA,"Glycerophospholipids","ns"
"MEMAPC07",-0.0187494835481668,-0.230959805103383,0.19346083800705,-0.55857634871999,-0.175295502552611,0.861202734512234,0.910015844970418,-4.90992508359533,-0.0187494835481668,0.861202734512234,0.910015844970418,"Glycerophospholipids","1-ether, 2-acylglycerophosphocholine","PC(O-16:0/18:2)","HMDB11151",NA,"Glycerophospholipids","ns"
"MEMAPC08",0.0442048200976868,-0.0987483169345624,0.187157957129936,-0.132226515594688,0.613513191074712,0.540933361457451,0.698928749209875,-4.82726353707571,0.0442048200976868,0.540933361457451,0.698928749209875,"Glycerophospholipids","1-ether, 2-acylglycerophosphocholine","PC(P-16:0/18:1)",NA,NA,"Glycerophospholipids","ns"
"MEMAPC09",-0.0419966218574846,-0.190185111593501,0.106191867878532,-0.583384157866569,-0.562273807928043,0.575190682003671,0.725240425135064,-4.84163922031605,-0.0419966218574846,0.575190682003671,0.725240425135064,"Glycerophospholipids","1-ether, 2-acylglycerophosphocholine","PC(P-16:0/18:2)","HMDB11211",NA,"Glycerophospholipids","ns"
"MEMAPC11",0.013992306016174,-0.117303866946317,0.145288478978665,-0.359918816026699,0.211439048099589,0.832976014855198,0.903122246225573,-4.90657400388668,0.013992306016174,0.832976014855198,0.903122246225573,"Glycerophospholipids","1-ether, 2-acylglycerophosphocholine","PC(O-18:1/18:1)",NA,NA,"Glycerophospholipids","ns"
"MEMAPC12",0.0028051987591457,-0.199320154460623,0.204930551978915,-0.383314762732614,0.0275353634872424,0.97808774005867,0.989460853315167,-4.91711258955224,0.0028051987591457,0.97808774005867,0.989460853315167,"Glycerophospholipids","1-ether, 2-acylglycerophosphocholine","PC(O-18:0/18:2)","HMDB13418",NA,"Glycerophospholipids","ns"
"MEMAPC13",-0.0327099137232013,-0.223177914393093,0.15775808694669,-0.564665026960579,-0.340726053613908,0.73402628987152,0.843968553552717,-4.88947063432153,-0.0327099137232013,0.73402628987152,0.843968553552717,"Glycerophospholipids","1-ether, 2-acylglycerophosphocholine","PC(O-18:1/18:2)",NA,NA,"Glycerophospholipids","ns"
"MEMAPC14",-0.0335354097751634,-0.237554590124024,0.170483770573698,0.30568568603209,-0.326122367606931,0.745014875432551,0.852845975824104,-4.89180271172559,-0.0335354097751634,0.745014875432551,0.852845975824104,"Glycerophospholipids","1-ether, 2-acylglycerophosphocholine","PC(O-16:0/20:3)",NA,NA,"Glycerophospholipids","ns"
"MEMAPC15_MEMAPC16",0.0183363098506707,-0.163351584568244,0.200024204269586,-0.654740247700474,0.200232198041493,0.841706587803154,0.903122246225573,-4.90767997568522,0.0183363098506707,0.841706587803154,0.903122246225573,"Glycerophospholipids","1-ether, 2-acylglycerophosphocholine","PC(P-36:2)",NA,NA,"Glycerophospholipids","ns"
"MEMAPC17",0.0528017545945288,-0.0881001109946394,0.193703620183697,0.0179805402040294,0.743497613005963,0.458927853094927,0.645249350795622,-4.78525012742763,0.0528017545945288,0.458927853094927,0.645249350795622,"Glycerophospholipids","1-ether, 2-acylglycerophosphocholine","PC(O-16:0/20:4)","HMDB13407",NA,"Glycerophospholipids","ns"
"MEMAPC18",0.0688548801105939,-0.13244375818068,0.270153518401868,-0.266823050571041,0.678643754975624,0.498934851576695,0.671247403409883,-4.80720412128974,0.0688548801105939,0.498934851576695,0.671247403409883,"Glycerophospholipids","1-ether, 2-acylglycerophosphocholine","PC(P-16:0/20:3)",NA,NA,"Glycerophospholipids","ns"
"MEMAPC19",0.0816188096622606,-0.0520273727867171,0.215264992111238,-0.421017434306286,1.21166249844604,0.228503655590006,0.454351260196888,-4.5690289919555,0.0816188096622606,0.228503655590006,0.454351260196888,"Glycerophospholipids","1-ether, 2-acylglycerophosphocholine","PC(P-16:0/20:4)",NA,NA,"Glycerophospholipids","ns"
"MEMAPC20",-0.0168020848555771,-0.186096379187424,0.15249220947627,0.0331067116499188,-0.196910475003378,0.844298191873716,0.903122246225573,-4.90799623229889,-0.0168020848555771,0.844298191873716,0.903122246225573,"Glycerophospholipids","1-ether, 2-acylglycerophosphocholine","PC(O-38:4)",NA,NA,"Glycerophospholipids","ns"
"MEMAPC21",0.0430212297830399,-0.0917706798983717,0.177813139464452,0.0711478210765398,0.633237990536058,0.528027200715257,0.68907549693341,-4.82139935328594,0.0430212297830399,0.528027200715257,0.68907549693341,"Glycerophospholipids","1-ether, 2-acylglycerophosphocholine","PC(O-16:0/22:4)",NA,NA,"Glycerophospholipids","ns"
"MEMAPC22",0.0699150330792603,-0.0668322211031935,0.206662287261714,-0.0166896753981596,1.01437823078407,0.312856103461184,0.53720686186427,-4.67239378291418,0.0699150330792603,0.312856103461184,0.53720686186427,"Glycerophospholipids","1-ether, 2-acylglycerophosphocholine","PC(O-18:0/20:4)","HMDB13420",NA,"Glycerophospholipids","ns"
"MEMAPC24_MEMAPC25",0.0551808410182725,-0.0756789178046439,0.186040599841189,-0.164687756824779,0.836623708101597,0.404803618875872,0.617858155126331,-4.75028734110829,0.0551808410182725,0.404803618875872,0.617858155126331,"Glycerophospholipids","1-ether, 2-acylglycerophosphocholine","PC(O-38:5)",NA,NA,"Glycerophospholipids","ns"
"MEMAPC26",0.0166980161340659,-0.148941002491344,0.182337034759475,-0.226098823382876,0.200009302449585,0.841880436514633,0.903122246225573,-4.90770136265025,0.0166980161340659,0.841880436514633,0.903122246225573,"Glycerophospholipids","1-ether, 2-acylglycerophosphocholine","PC(P-18:0/20:4)",NA,NA,"Glycerophospholipids","ns"
"MEMAPC27",0.100244192287392,-0.0759038316525242,0.276392216227309,-0.515673239076198,1.1290922148677,0.261566587008015,0.498312986927679,-4.61443553558342,0.100244192287392,0.261566587008015,0.498312986927679,"Glycerophospholipids","1-ether, 2-acylglycerophosphocholine","PC(P-18:0/20:4)",NA,NA,"Glycerophospholipids","ns"
"MEMAPC28",0.141272142827811,-0.0368712873682542,0.319415573023876,0.120158019913792,1.57338385608866,0.118796061088672,0.382594809159304,-4.3344867349781,0.141272142827811,0.118796061088672,0.382594809159304,"Glycerophospholipids","1-ether, 2-acylglycerophosphocholine","PC(O-18:2/20:4)",NA,NA,"Glycerophospholipids","ns"
"MEMAPC29",0.120432829259172,-0.033540002538258,0.274405661056602,0.291869690150783,1.55184649447738,0.1238655887536,0.382594809159304,-4.3500470641864,0.120432829259172,0.1238655887536,0.382594809159304,"Glycerophospholipids","1-ether, 2-acylglycerophosphocholine","PC(P-16:0/22:6)","HMDB11229",NA,"Glycerophospholipids","ns"
"MEMAPC30",0.027403793140016,-0.129911743042723,0.184719329322755,-0.110737889951185,0.34561058355537,0.730363088020114,0.84347241581084,-4.88866790358188,0.027403793140016,0.730363088020114,0.84347241581084,"Glycerophospholipids","1-ether, 2-acylglycerophosphocholine","PC(O-18:0/22:4)",NA,NA,"Glycerophospholipids","ns"
"MEMAPC31",0.0819648091677108,-0.0628213153294951,0.226750933664917,0.038517999150863,1.12317765859955,0.264057651949824,0.49941338520945,-4.61756997140678,0.0819648091677108,0.264057651949824,0.49941338520945,"Glycerophospholipids","1-ether, 2-acylglycerophosphocholine","PC(O-20:0/20:4)","HMDB13442",NA,"Glycerophospholipids","ns"
"MEMAPC32",0.046128403079941,-0.0934420132266931,0.185698819386575,0.109141360406975,0.655726920457415,0.513509207914637,0.687312324439591,-4.81448983410781,0.046128403079941,0.513509207914637,0.687312324439591,"Glycerophospholipids","1-ether, 2-acylglycerophosphocholine","PC(O-18:1/22:4)",NA,NA,"Glycerophospholipids","ns"
"MEMAPC33_MEMAPC34",0.0656613850908818,-0.0732925697318836,0.204615339913647,-0.0525799520389853,0.937534148637444,0.35074799300658,0.568603889283958,-4.70785506525857,0.0656613850908818,0.35074799300658,0.568603889283958,"Glycerophospholipids","1-ether, 2-acylglycerophosphocholine","PC(O-40:5)",NA,NA,"Glycerophospholipids","ns"
"MEMAPC35",0.0637279538643419,-0.104304203791095,0.231760111519779,0.0208634736136047,0.75246367303593,0.453544047410346,0.645249350795622,-4.78206000177694,0.0637279538643419,0.453544047410346,0.645249350795622,"Glycerophospholipids","1-ether, 2-acylglycerophosphocholine","PC(O-22:1/20:4)",NA,NA,"Glycerophospholipids","ns"
"MEMAPC36",0.0654541631662127,-0.095839159241693,0.226747485574118,-0.222578996023398,0.805135274874071,0.422656333410612,0.630487174797869,-4.76256143428452,0.0654541631662127,0.422656333410612,0.630487174797869,"Glycerophospholipids","1-ether, 2-acylglycerophosphocholine","PC(O-42:6)",NA,NA,"Glycerophospholipids","ns"
"MEMAPC37",0.0784491356363014,-0.0743083958607727,0.231206667133375,0.0190612057944574,1.01890454315929,0.310712826852913,0.53720686186427,-4.67022057242482,0.0784491356363014,0.310712826852913,0.53720686186427,"Glycerophospholipids","1-ether, 2-acylglycerophosphocholine","PC(O-22:0/20:4)","HMDB13448",NA,"Glycerophospholipids","ns"
"MEMAPC38",0.0399029239889551,-0.124414755552216,0.204220603530126,0.109987584996379,0.481801774519355,0.631002012360829,0.762460764936002,-4.86170936507496,0.0399029239889551,0.631002012360829,0.762460764936002,"Glycerophospholipids","1-ether, 2-acylglycerophosphocholine","PC(O-24:1/20:4)",NA,NA,"Glycerophospholipids","ns"
"MEMAPE01",0.0193256468542046,-0.194911649330873,0.233562943039282,-1.07450440668424,0.178972756973785,0.858322056670405,0.910015844970418,-4.90961273539092,0.0193256468542046,0.858322056670405,0.910015844970418,"Glycerophospholipids","1-ether, 2-acylglycerophosphoethanolamine","PE(O-16:0/18:1)",NA,NA,"Glycerophospholipids","ns"
"MEMAPE02",0.0727139626284002,-0.150690641620228,0.296118566877029,-0.534061718691505,0.64576374791022,0.519914928982287,0.68907549693341,-4.81758029787297,0.0727139626284002,0.519914928982287,0.68907549693341,"Glycerophospholipids","1-ether, 2-acylglycerophosphoethanolamine","PE(P-16:0/18:2)","HMDB11343",NA,"Glycerophospholipids","ns"
"MEMAPE05",0.101422645299798,-0.121296225947404,0.324141516547,-0.758929155455759,0.903495272134652,0.368439527287979,0.575824650432111,-4.72269459405635,0.101422645299798,0.368439527287979,0.575824650432111,"Glycerophospholipids","1-ether, 2-acylglycerophosphoethanolamine","PE(P-18:0/18:1)",NA,NA,"Glycerophospholipids","ns"
"MEMAPE06",0.134819590053774,-0.127937085989188,0.397576266096736,-0.277827550259395,1.01799866995142,0.311140982242794,0.53720686186427,-4.67065625790097,0.134819590053774,0.311140982242794,0.53720686186427,"Glycerophospholipids","1-ether, 2-acylglycerophosphoethanolamine","PE(P-16:0/20:4)",NA,NA,"Glycerophospholipids","ns"
"MEMAPE08",0.161150872865056,-0.088780508060598,0.41108225379071,-0.386137706835603,1.2792630059185,0.20377181488087,0.432393851088676,-4.52957749870363,0.161150872865056,0.20377181488087,0.432393851088676,"Glycerophospholipids","1-ether, 2-acylglycerophosphoethanolamine","PE(P-18:0/20:4)","HMDB11386",NA,"Glycerophospholipids","ns"
"MEMAPE09",0.0925979539311114,-0.157757854895745,0.342953762757968,-0.240863170864113,0.733823618475415,0.464777310151636,0.645249350795622,-4.78864996449939,0.0925979539311114,0.464777310151636,0.645249350795622,"Glycerophospholipids","1-ether, 2-acylglycerophosphoethanolamine","PE(P-18:1/20:4)",NA,NA,"Glycerophospholipids","ns"
"MEMAPE11",0.0682227856771946,-0.115305358743296,0.251750930097685,0.422455302956441,0.737521597254336,0.462536341760847,0.645249350795622,-4.78735551364118,0.0682227856771946,0.462536341760847,0.645249350795622,"Glycerophospholipids","1-ether, 2-acylglycerophosphoethanolamine","PE(P-16:0/22:6)",NA,NA,"Glycerophospholipids","ns"
"MEMAPE13",0.144569365763462,-0.0543878967944926,0.343526628321417,-0.362856641740407,1.44166530363564,0.15252853725042,0.389159908404715,-4.42652324772964,0.144569365763462,0.15252853725042,0.389159908404715,"Glycerophospholipids","1-ether, 2-acylglycerophosphocholine","PC(P-17:0/20:4)",NA,NA,"Glycerophospholipids","ns"
"MEMAPE14",0.122102740187469,-0.0667505266613556,0.310956007036294,0.336625959588644,1.28277024090232,0.20254484592308,0.432393851088676,-4.52747507033138,0.122102740187469,0.20254484592308,0.432393851088676,"Glycerophospholipids","1-ether, 2-acylglycerophosphocholine","PC(P-17:0/20:4)",NA,NA,"Glycerophospholipids","ns"
"MEMAPE15",0.167504088991122,-0.0491757895405064,0.384183967522751,-0.57299053339111,1.53375078261133,0.128256201884828,0.384731614671854,-4.36296698414982,0.167504088991122,0.128256201884828,0.384731614671854,"Glycerophospholipids","1-ether, 2-acylglycerophosphoethanolamine","PE(P-20:0/20:4)",NA,NA,"Glycerophospholipids","ns"
"MEMAPE16",0.148232604774507,-0.091692048028346,0.38815725757736,-0.349792016787223,1.22579214151279,0.223162624749459,0.451371208821458,-4.56095181982444,0.148232604774507,0.223162624749459,0.451371208821458,"Glycerophospholipids","1-ether, 2-acylglycerophosphoethanolamine","PE(P-18:0/22:5) + PE(P-20:1/20:4)",NA,NA,"Glycerophospholipids","ns"
"MEMAPE17",0.0840402412856941,-0.133350556197699,0.301431038769087,-0.219017372542242,0.766997772182984,0.444894140475957,0.638281206892525,-4.77680894963135,0.0840402412856941,0.444894140475957,0.638281206892525,"Glycerophospholipids","1-ether, 2-acylglycerophosphoethanolamine","PE(P-18:0/18:2)","HMDB11376",NA,"Glycerophospholipids","ns"
"MEMAPE20",-0.214804620326443,-0.597235846778154,0.167626606125268,-0.55634672720015,-1.11443338064807,0.267778823655671,0.499633892711701,-4.62217454812148,-0.214804620326443,0.267778823655671,0.499633892711701,"Glycerophospholipids","1-ether, 2-acylglycerophosphoethanolamine","PE(16:1e/20:3)",NA,NA,"Glycerophospholipids","ns"
"MEMAPE21",0.0180115443750505,-0.251661697666855,0.287684786416956,-0.196645790415003,0.132513786448257,0.894844821618429,0.923140310049051,-4.91308278484642,0.0180115443750505,0.894844821618429,0.923140310049051,"Glycerophospholipids","1-ether, 2-acylglycerophosphoethanolamine","PE(16:1e/20:5)",NA,NA,"Glycerophospholipids","ns"
"MEMAPE29",0.214229403355119,-0.00176751902711011,0.430226325737349,0.0207571445330426,1.96779332327737,0.0518679728412773,0.363239758682158,-4.01510985642751,0.214229403355119,0.0518679728412773,0.363239758682158,"Glycerophospholipids","1-ether, 2-acylglycerophosphoethanolamine","PE(18:1e/22:6)",NA,NA,"Glycerophospholipids","ns"
"MEMAPE30",0.0840267175319866,-0.127418953520043,0.295472388584016,0.255776078576655,0.788436221071925,0.432311093074532,0.637475679618378,-4.7688833816504,0.0840267175319866,0.432311093074532,0.637475679618378,"Glycerophospholipids","1-ether, 2-acylglycerophosphoethanolamine","PE(18:2e/22:6)",NA,NA,"Glycerophospholipids","ns"
"MG02",0.445032488355744,0.0893310917172666,0.800733884994222,-0.269423999291962,2.48238984481738,0.0147249289701747,0.363239758682158,-3.50564379381201,0.445032488355744,0.0147249289701747,0.363239758682158,"Glycerolipids","Monoacylglycerols","MG(16:0/0:0/0:0)","HMDB11564",NA,"Glycerolipids","Glycerolipids"
"MG06",0.320133286842621,-0.0982157965710497,0.738482370256292,1.3380570205067,1.51829391526155,0.132112401398974,0.387430750170024,-4.3739031823855,0.320133286842621,0.132112401398974,0.387430750170024,"Glycerolipids","Monoacylglycerols","MG(18:2(9Z,12Z)/0:0/0:0)","HMDB11568",NA,"Glycerolipids","ns"
"SphLip_02",0.0277808730646015,-0.161462589756184,0.217024335885387,-0.246005628885471,0.291254719521064,0.771461200181708,0.871650966439073,-4.89695891700228,0.0277808730646015,0.771461200181708,0.871650966439073,"Sphingolipids","Sphingomyelin","SM(d18:0/14:0)","HMDB12085","C00550","Sphingolipids","ns"
"SphLip_03",-0.038532948732455,-0.231026380581348,0.153960483116438,-0.217462099927366,-0.397158897927978,0.692098685868624,0.813683590142841,-4.87950273634282,-0.038532948732455,0.692098685868624,0.813683590142841,"Sphingolipids","Sphingomyelin","SM(d18:0/15:0)",NA,NA,"Sphingolipids","ns"
"SphLip_04",-0.0219879460976719,-0.14463345961954,0.100657567424196,-0.717473686934667,-0.355697624897289,0.722818024813603,0.83846890878378,-4.8869741583539,-0.0219879460976719,0.722818024813603,0.83846890878378,"Sphingolipids","Sphingomyelin","SM(d18:0/16:0)","HMDB10168","C00550","Sphingolipids","ns"
"SphLip_05",0.0969328872129335,-0.177753202205802,0.371618976631669,-0.313397067455286,0.700140036616187,0.485470111598017,0.663391094906191,-4.80014546634827,0.0969328872129335,0.485470111598017,0.663391094906191,"Sphingolipids","Sphingomyelin","SM(d18:0/18:0)","HMDB12087","C00550","Sphingolipids","ns"
"SphLip_06",0.153123157257543,-0.144245343596721,0.450491658111807,-0.206857380407043,1.02165031107569,0.309421348760972,0.53720686186427,-4.66889689764127,0.153123157257543,0.309421348760972,0.53720686186427,"Sphingolipids","Sphingomyelin","SM(d18:0/22:0)","HMDB12091","C00550","Sphingolipids","ns"
"SphLip_07",0.0193299616455391,-0.198588592170334,0.237248515461412,-0.302323654828216,0.17598868725718,0.86065956470499,0.910015844970418,-4.90986669955023,0.0193299616455391,0.86065956470499,0.910015844970418,"Sphingolipids","Sphingomyelin","SM(d18:1/12:0)","HMDB12096","C00550","Sphingolipids","ns"
"SphLip_08",0.0187343868173144,-0.143007941221728,0.180476714856357,0.0204213840554268,0.229807268548838,0.818712054553283,0.901619604381464,-4.9046312582886,0.0187343868173144,0.818712054553283,0.901619604381464,"Sphingolipids","Sphingomyelin","SM(32:1)",NA,NA,"Sphingolipids","ns"
"SphLip_09",0.011708913365864,-0.132954734120232,0.15637256085196,0.311983963849725,0.160585064046549,0.872744935768991,0.918378394475696,-4.91110979974015,0.011708913365864,0.872744935768991,0.918378394475696,"Sphingolipids","Sphingomyelin","SM(33:1)",NA,NA,"Sphingolipids","ns"
"SphLip_10",-0.0118277903535847,-0.0986641154672036,0.0750085347600343,-0.155211099439544,-0.270240322018905,0.787533618221591,0.878205901615743,-4.89978594716494,-0.0118277903535847,0.787533618221591,0.878205901615743,"Sphingolipids","Sphingomyelin","SM(d18:1/16:0)","HMDB10169","C00550","Sphingolipids","ns"
"SphLip_11",0.0148599060825115,-0.0918875206465133,0.121607332811536,-0.034808396292774,0.276189152606202,0.782974118432636,0.878205901615743,-4.8990070831314,0.0148599060825115,0.782974118432636,0.878205901615743,"Sphingolipids","Sphingomyelin","SM(d18:2/16:0)",NA,NA,"Sphingolipids","ns"
"SphLip_12",0.0482692025305699,-0.086672253314242,0.183210658375382,0.139129046850136,0.709696559843223,0.479547784991672,0.658747220435928,-4.79693829175885,0.0482692025305699,0.479547784991672,0.658747220435928,"Sphingolipids","Sphingomyelin","SM(d18:1/17:0)",NA,NA,"Sphingolipids","ns"
"SphLip_13",-0.000552860479941996,-0.11987167320703,0.118765952247146,-0.186421604744,-0.00919294349556253,0.992683553571936,0.993368513927854,-4.917274191328,-0.000552860479941996,0.992683553571936,0.993368513927854,"Sphingolipids","Sphingomyelin","SM(d18:1/18:0)","HMDB01348","C00550","Sphingolipids","ns"
"SphLip_14",0.000859602521364201,-0.115194845170065,0.116914050212793,-0.280785977153085,0.0146954828135032,0.98830447138554,0.993368513927854,-4.91724266008579,0.000859602521364201,0.98830447138554,0.993368513927854,"Sphingolipids","Sphingomyelin","SM(36:2)",NA,NA,"Sphingolipids","ns"
"SphLip_16",0.035273325312032,-0.0934091383172159,0.16395578894128,-0.0698379854295287,0.543844830139746,0.587761566215861,0.737527734530479,-4.84650627016623,0.035273325312032,0.587761566215861,0.737527734530479,"Sphingolipids","Sphingomyelin","SM(38:1)",NA,NA,"Sphingolipids","ns"
"SphLip_17",-0.0205105233918044,-0.134280711290825,0.0932596645072157,-0.307863574346568,-0.357681299884535,0.721337430687603,0.83846890878378,-4.88663536256417,-0.0205105233918044,0.721337430687603,0.83846890878378,"Sphingolipids","Sphingomyelin","SM(d18:2/20:0)",NA,NA,"Sphingolipids","ns"
"SphLip_19",0.0683230519289676,-0.108485683448041,0.245131787305976,0.202758703946123,0.766675362810727,0.445084979518926,0.638281206892525,-4.77692650370372,0.0683230519289676,0.445084979518926,0.638281206892525,"Sphingolipids","Sphingomyelin","SM(39:1)",NA,NA,"Sphingolipids","ns"
"SphLip_20",0.0654274099767244,-0.0714974571499579,0.202352277103407,-0.138077397108758,0.948037176141632,0.345401308588647,0.566979506551175,-4.70316833626865,0.0654274099767244,0.345401308588647,0.566979506551175,"Sphingolipids","Sphingomyelin","SM(d18:1/22:0)","HMDB12103","C00550","Sphingolipids","ns"
"SphLip_21",0.020076824432376,-0.17596912799657,0.216122776861322,-0.190902615144073,0.203181942728651,0.839406658290929,0.903122246225573,-4.90739470518589,0.020076824432376,0.839406658290929,0.903122246225573,"Sphingolipids","Sphingomyelin","SM(d16:1/24:1)","HMDB11694",NA,"Sphingolipids","ns"
"SphLip_22",0.00470260846471423,-0.111975820347843,0.121381037277272,-0.23066119192748,0.0799643141286378,0.936425824299091,0.954715391179933,-4.91576068519016,0.00470260846471423,0.936425824299091,0.954715391179933,"Sphingolipids","Sphingomyelin","SM(d18:2/22:0)",NA,NA,"Sphingolipids","ns"
"SphLip_23",0.104732743313577,-0.0543994095074972,0.26386489613465,0.203418317780603,1.30578750570654,0.19462784775219,0.42687284254892,-4.51354161918469,0.104732743313577,0.19462784775219,0.42687284254892,"Sphingolipids","Sphingomyelin","SM(d18:1/23:0)","HMDB12105","C00550","Sphingolipids","ns"
"SphLip_24",0.0446531684848402,-0.129934357626268,0.219240694595948,0.111604106592814,0.507442732889487,0.612964156320635,0.74908063292398,-4.85564750765873,0.0446531684848402,0.612964156320635,0.74908063292398,"Sphingolipids","Sphingomyelin","SM(d18:1/23:1)",NA,NA,"Sphingolipids","ns"
"SphLip_25",0.0328524458156248,-0.107930210027806,0.173635101659055,0.0823942767599,0.462984574277885,0.644383771047801,0.774788638466107,-4.86595946709924,0.0328524458156248,0.644383771047801,0.774788638466107,"Sphingolipids","Sphingomyelin","SM(d18:2/23:0)",NA,NA,"Sphingolipids","ns"
"SphLip_26_SphLip_27",0.018175489774742,-0.105233775146772,0.141584754696256,-0.213745070925277,0.292204113045885,0.770737364135761,0.871650966439073,-4.89682621328749,0.018175489774742,0.770737364135761,0.871650966439073,"Sphingolipids","Sphingomyelin","SM(d18:1/24:1) + SM(d18:2/24:0)",NA,NA,"Sphingolipids","ns"
"SphLip_28",-0.0110419658643138,-0.121606649131261,0.0995227174026336,-0.297791357208005,-0.198142638425066,0.843336658324662,0.903122246225573,-4.90787953623538,-0.0110419658643138,0.843336658324662,0.903122246225573,"Sphingolipids","Sphingomyelin","SM(42:3)",NA,NA,"Sphingolipids","ns"
"SphLip_29",-0.0241152226656633,-0.19977012695579,0.151539681624463,-0.130639398400329,-0.272382351011759,0.785890992524759,0.878205901615743,-4.89950744656212,-0.0241152226656633,0.785890992524759,0.878205901615743,"Sphingolipids","Sphingomyelin","SM(d18:2/14:0)",NA,NA,"Sphingolipids","ns"
"SphLip_30",0.0859636888047318,-0.0635738126387833,0.235501190248247,-0.202437374540096,1.14054622385985,0.256789435150618,0.492809136575819,-4.60832045952802,0.0859636888047318,0.256789435150618,0.492809136575819,"Sphingolipids","Sphingomyelin","SM(42:1)",NA,NA,"Sphingolipids","ns"
"SphLip_31",0.0681147092181853,-0.0897791929930791,0.22600861142945,-0.0740106611203172,0.855900965879113,0.39410357954026,0.60864517313614,-4.74254573731718,0.0681147092181853,0.39410357954026,0.60864517313614,"Sphingolipids","Sphingomyelin","SM(d18:1/25:0)",NA,NA,"Sphingolipids","ns"
"SphLip_32",0.123007374686567,-0.105862535382799,0.351877284755933,0.892928991525827,1.06632703013778,0.288849584751956,0.525155926344875,-4.64688907866301,0.123007374686567,0.288849584751956,0.525155926344875,"Sphingolipids","Sphingomyelin","SM(43:1)",NA,NA,"Sphingolipids","ns"
"SphLip_33",0.116600527418909,-0.123138974513172,0.35634002935099,0.964108078581813,0.964959050392948,0.336898596112568,0.562432651516815,-4.69551055307721,0.116600527418909,0.336898596112568,0.562432651516815,"Sphingolipids","Sphingomyelin","SM(43:2)",NA,NA,"Sphingolipids","ns"
"SphLip_34",0.118531277891003,-0.173612074019083,0.410674629801089,-0.0745427584383664,0.804993459794178,0.422740442872134,0.630487174797869,-4.76261459305545,0.118531277891003,0.422740442872134,0.630487174797869,"Sphingolipids","Sphingomyelin","SM(38:0)",NA,NA,"Sphingolipids","ns"
"SphLip_35",0.0282078546371497,-0.182119284656277,0.238534993930577,0.183422044517329,0.266086419476845,0.790721788811109,0.878205901615743,-4.90031977333311,0.0282078546371497,0.790721788811109,0.878205901615743,"Sphingolipids","Sphingomyelin","SM(31:1)",NA,NA,"Sphingolipids","ns"
"TG03",0.689362260127154,-0.190475842473987,1.5692003627283,1.00884914189815,1.55456389809202,0.123226074974016,0.382594809159304,-4.34810863438793,0.689362260127154,0.123226074974016,0.382594809159304,"Glycerolipids","Triacylglycerols","TG(42:0)",NA,NA,"Triacylglycerols","ns"
"TG04",0.517445428538618,-0.192885183787996,1.22777604086523,0.680875261037114,1.44533281419664,0.151507631996329,0.389159908404715,-4.42407081839882,0.517445428538618,0.151507631996329,0.389159908404715,"Glycerolipids","Triacylglycerols","TG(44:0)",NA,NA,"Triacylglycerols","ns"
"TG05",0.566422201151507,-0.224105889337744,1.35695029164076,1.08010113040019,1.42163072283981,0.158261350259698,0.389159908404715,-4.43987044507436,0.566422201151507,0.158261350259698,0.389159908404715,"Glycerolipids","Triacylglycerols","TG(44:1)",NA,NA,"Triacylglycerols","ns"
"TG06",0.508073409164017,-0.272499070897417,1.28864588922545,1.17072320633844,1.29144843423352,0.199541236100647,0.432393851088676,-4.52225249849838,0.508073409164017,0.199541236100647,0.432393851088676,"Glycerolipids","Triacylglycerols","TG(44:2)",NA,NA,"Triacylglycerols","ns"
"TG07_TG08",0.324824239948817,-0.150642084194267,0.800290564091902,0.603078442694072,1.35547810894711,0.178335132050583,0.404743212740889,-4.48266634258944,0.324824239948817,0.178335132050583,0.404743212740889,"Glycerolipids","Triacylglycerols","TG(45:0)",NA,NA,"Triacylglycerols","ns"
"TG09",0.461390434112827,-0.176421504149922,1.09920237237558,0.757183465360109,1.43529040644064,0.154341423646358,0.389159908404715,-4.43079492463861,0.461390434112827,0.154341423646358,0.389159908404715,"Glycerolipids","Triacylglycerols","TG(46:0)",NA,NA,"Triacylglycerols","ns"
"TG10",0.430168599304904,-0.205262892359548,1.06560009096936,0.900427123638433,1.34317874474245,0.182270744408708,0.410109174919594,-4.49041101888936,0.430168599304904,0.182270744408708,0.410109174919594,"Glycerolipids","Triacylglycerols","TG(46:1)",NA,NA,"Triacylglycerols","ns"
"TG11",0.493819207061308,-0.154742564168104,1.14238097829072,1.60004402001888,1.51070779969941,0.134033286402176,0.388696530566309,-4.37922666661678,0.493819207061308,0.134033286402176,0.388696530566309,"Glycerolipids","Triacylglycerols","TG(46:2)",NA,NA,"Triacylglycerols","ns"
"TG12",0.4649158685036,-0.116919926080152,1.04675166308735,1.32353758214251,1.58539605781518,0.116050551016136,0.382594809159304,-4.32573757438798,0.4649158685036,0.116050551016136,0.382594809159304,"Glycerolipids","Triacylglycerols","TG(46:3)",NA,NA,"Triacylglycerols","ns"
"TG121",0.558456212807222,-0.110647278747118,1.22755970436156,0.590699038648704,1.65599747562713,0.100873874030221,0.378892483690515,-4.27298514359151,0.558456212807222,0.100873874030221,0.378892483690515,"Glycerolipids","Triacylglycerols","TG(40:0)",NA,NA,"Triacylglycerols","ns"
"TG13_TG14",0.504242600383502,-0.0431481231249462,1.05163332389195,0.959719278151645,1.82770432812725,0.0705917561120007,0.376009149902697,-4.13594794216174,0.504242600383502,0.0705917561120007,0.376009149902697,"Glycerolipids","Triacylglycerols","TG(47:0)",NA,NA,"Triacylglycerols","ns"
"TG145",0.489571374640267,-0.0876165974112503,1.06675934669178,1.41386731004859,1.68291656033463,0.0955276547454796,0.378892483690515,-4.25231587921364,0.489571374640267,0.0955276547454796,0.378892483690515,"Glycerolipids","Triacylglycerols","TG(46:3)",NA,NA,"Triacylglycerols","ns"
"TG15",0.43028292947649,-0.118842807715002,0.979408666667982,1.07926878439415,1.55469841998508,0.123194020804356,0.382594809159304,-4.34801191283799,0.43028292947649,0.123194020804356,0.382594809159304,"Glycerolipids","Triacylglycerols","TG(47:1)",NA,NA,"Triacylglycerols","ns"
"TG152",0.414637595046795,-0.105734920460128,0.935010110553719,1.22071528744567,1.58095011405255,0.117064199666444,0.382594809159304,-4.32898852970144,0.414637595046795,0.117064199666444,0.382594809159304,"Glycerolipids","Triacylglycerols","TG(47:2)",NA,NA,"Triacylglycerols","ns"
"TG16",0.489670256750994,-0.0241854594342448,1.00352597293623,0.860774584977245,1.89071631999673,0.0615725598767966,0.363239758682158,-4.08260317783405,0.489670256750994,0.0615725598767966,0.363239758682158,"Glycerolipids","Triacylglycerols","TG(48:0)","HMDB05356",NA,"Triacylglycerols","ns"
"TG163",0.517061886142351,0.0222280921226136,1.01189568016209,1.37928453442453,2.07322775517518,0.0407358097908928,0.363239758682158,-3.91905794368159,0.517061886142351,0.0407358097908928,0.363239758682158,"Glycerolipids","Triacylglycerols","TG(52:4)",NA,NA,"Triacylglycerols","Triacylglycerols"
"TG166",0.327620373476869,-0.0907483639666702,0.745989110920408,1.13597832748558,1.55372987483031,0.123424955432442,0.382594809159304,-4.34870812579072,0.327620373476869,0.123424955432442,0.382594809159304,"Glycerolipids","Triacylglycerols","TG(52:6)",NA,NA,"Triacylglycerols","ns"
"TG17",0.35054962450649,-0.145598139917095,0.846697388930076,0.962355222074532,1.40185245708965,0.164072165283225,0.389159908404715,-4.45286665281158,0.35054962450649,0.164072165283225,0.389159908404715,"Glycerolipids","Triacylglycerols","TG(48:1)",NA,NA,"Triacylglycerols","ns"
"TG173",0.5272012780308,0.0854357013859359,0.968966854675664,0.742046256523039,2.36781857120523,0.0198273462701031,0.363239758682158,-3.62771071943893,0.5272012780308,0.0198273462701031,0.363239758682158,"Glycerolipids","Triacylglycerols","TG(55:2)",NA,NA,"Triacylglycerols","Triacylglycerols"
"TG174",0.499360375192687,0.109231036934474,0.889489713450899,0.693260464566251,2.5396233199257,0.0126455359502362,0.363239758682158,-3.44289318393327,0.499360375192687,0.0126455359502362,0.363239758682158,"Glycerolipids","Triacylglycerols","TG(55:3)",NA,NA,"Triacylglycerols","Triacylglycerols"
"TG175",0.41749455406311,0.036161175897095,0.798827932229126,0.614832348247217,2.17225013922917,0.0322127376337921,0.363239758682158,-3.82482554757933,0.41749455406311,0.0322127376337921,0.363239758682158,"Glycerolipids","Triacylglycerols","TG(55:4)",NA,NA,"Triacylglycerols","Triacylglycerols"
"TG18",0.306096741010758,-0.153257492457918,0.765450974479434,1.2189171605431,1.32213201673627,0.189156504525206,0.41838853967016,-4.50350881513095,0.306096741010758,0.189156504525206,0.41838853967016,"Glycerolipids","Triacylglycerols","TG(48:2)",NA,NA,"Triacylglycerols","ns"
"TG19",0.388757156717013,-0.139153338218663,0.916667651652688,1.69025796596667,1.46110672932497,0.147137953992035,0.389159908404715,-4.4134204060526,0.388757156717013,0.147137953992035,0.389159908404715,"Glycerolipids","Triacylglycerols","TG(48:3)",NA,NA,"Triacylglycerols","ns"
"TG20",0.383434719807711,-0.151100544885987,0.91796998450141,1.48187584805817,1.42324253035634,0.15779486462635,0.389159908404715,-4.43880379622696,0.383434719807711,0.15779486462635,0.389159908404715,"Glycerolipids","Triacylglycerols","TG(48:4)",NA,NA,"Triacylglycerols","ns"
"TG22",0.570493617419967,-0.00906429576804457,1.15005153060798,1.06088435300131,1.95306991281775,0.0536212656558845,0.363239758682158,-4.02822823605769,0.570493617419967,0.0536212656558845,0.363239758682158,"Glycerolipids","Triacylglycerols","TG(49:0)",NA,NA,"Triacylglycerols","ns"
"TG23",0.536659269143454,0.0156542787295278,1.05766425955738,1.25400381633448,2.04371621859584,0.0436249569218765,0.363239758682158,-3.94640095267445,0.536659269143454,0.0436249569218765,0.363239758682158,"Glycerolipids","Triacylglycerols","TG(49:1)",NA,NA,"Triacylglycerols","Triacylglycerols"
"TG24",0.430902939103371,-0.00777357429180675,0.869579452498549,1.60181244456699,1.94894199205936,0.0541193403129437,0.363239758682158,-4.03187641468639,0.430902939103371,0.0541193403129437,0.363239758682158,"Glycerolipids","Triacylglycerols","TG(49:2)",NA,NA,"Triacylglycerols","ns"
"TG25",0.366586676273038,-0.0588585607837991,0.792031913329875,1.62274329367107,1.70960921501092,0.0904561296829681,0.378892483690515,-4.23151950307174,0.366586676273038,0.0904561296829681,0.378892483690515,"Glycerolipids","Triacylglycerols","TG(49:3)",NA,NA,"Triacylglycerols","ns"
"TG26",0.618167198247671,0.0285728204509464,1.2077615760444,0.940662473903916,2.08025446383312,0.0400726822443752,0.363239758682158,-3.91249710350099,0.618167198247671,0.0400726822443752,0.363239758682158,"Glycerolipids","Triacylglycerols","TG(50:0)",NA,NA,"Triacylglycerols","Triacylglycerols"
"TG27",0.343881341865053,0.00281088136675633,0.68495180236335,0.752978477701974,2.0004529663475,0.0481770016638665,0.363239758682158,-3.9858631962068,0.343881341865053,0.0481770016638665,0.363239758682158,"Glycerolipids","Triacylglycerols","TG(50:1)",NA,NA,"Triacylglycerols","Triacylglycerols"
"TG28",0.277619331695562,-0.0458920574208124,0.601130720811936,1.1149519956432,1.702644460223,0.0917577300246907,0.378892483690515,-4.23697460349933,0.277619331695562,0.0917577300246907,0.378892483690515,"Glycerolipids","Triacylglycerols","TG(50:2)",NA,NA,"Triacylglycerols","ns"
"TG29",0.220165828100067,-0.0871938533390575,0.527525509539191,1.27886257517916,1.42122531570664,0.15837656107691,0.389159908404715,-4.44013670621475,0.220165828100067,0.15837656107691,0.389159908404715,"Glycerolipids","Triacylglycerols","TG(50:3)",NA,NA,"Triacylglycerols","ns"
"TG30",0.319904803681687,-0.113502498029146,0.753312105392521,1.64541166436091,1.46449663298719,0.146211780367853,0.389159908404715,-4.41111744799696,0.319904803681687,0.146211780367853,0.389159908404715,"Glycerolipids","Triacylglycerols","TG(50:4)",NA,NA,"Triacylglycerols","ns"
"TG31",0.371349827207356,-0.101913813658604,0.844613468073315,1.40551233788833,1.55683979932622,0.122684657799077,0.382594809159304,-4.34647121115644,0.371349827207356,0.122684657799077,0.382594809159304,"Glycerolipids","Triacylglycerols","TG(50:5)",NA,NA,"Triacylglycerols","ns"
"TG33",0.551144872966921,0.0420721084256538,1.06021763750819,1.08312429509523,2.14807652323463,0.0341360316590463,0.363239758682158,-3.84818079887319,0.551144872966921,0.0341360316590463,0.363239758682158,"Glycerolipids","Triacylglycerols","TG(51:1)",NA,NA,"Triacylglycerols","Triacylglycerols"
"TG34",0.444086973601886,0.0105399014051372,0.877634045798634,1.20080260783484,2.03233649645963,0.0447850545968189,0.363239758682158,-3.9568527458512,0.444086973601886,0.0447850545968189,0.363239758682158,"Glycerolipids","Triacylglycerols","TG(51:2)",NA,NA,"Triacylglycerols","Triacylglycerols"
"TG35",0.376696178616667,0.00458406135644529,0.748808295876888,1.34805733156376,2.00854350003947,0.0472961735390334,0.363239758682158,-3.97853992941373,0.376696178616667,0.0472961735390334,0.363239758682158,"Glycerolipids","Triacylglycerols","TG(51:3)",NA,NA,"Triacylglycerols","Triacylglycerols"
"TG36",0.353030392698643,0.00343259857740397,0.702628186819883,1.30009390137231,2.00358260203213,0.0478346282448209,0.363239758682158,-3.98303344780483,0.353030392698643,0.0478346282448209,0.363239758682158,"Glycerolipids","Triacylglycerols","TG(51:4)",NA,NA,"Triacylglycerols","Triacylglycerols"
"TG37",0.569048475638675,-0.0449385132868031,1.18303546456415,0.586366233182674,1.83888231456588,0.0689159014337413,0.376009149902697,-4.12660333666576,0.569048475638675,0.0689159014337413,0.376009149902697,"Glycerolipids","Triacylglycerols","TG(52:0)",NA,NA,"Triacylglycerols","ns"
"TG38",0.52437174326941,0.0298717446160313,1.01887174192279,0.722728998126527,2.10395683672067,0.037903949143887,0.363239758682158,-3.89022361033834,0.52437174326941,0.037903949143887,0.363239758682158,"Glycerolipids","Triacylglycerols","TG(52:1)",NA,NA,"Triacylglycerols","Triacylglycerols"
"TG41",0.23056399637048,-0.0227180372893773,0.483846030030337,0.698190667331726,1.80607206026117,0.0739223897476014,0.378892483690515,-4.15385367003378,0.23056399637048,0.0739223897476014,0.378892483690515,"Glycerolipids","Triacylglycerols","TG(52:4)",NA,NA,"Triacylglycerols","ns"
"TG42",0.327493899071783,-0.0484301955466742,0.70341799369024,1.1706283711678,1.728490079068,0.0870033069167228,0.378892483690515,-4.21662905469445,0.327493899071783,0.0870033069167228,0.378892483690515,"Glycerolipids","Triacylglycerols","TG(52:5)",NA,NA,"Triacylglycerols","ns"
"TG43",0.0819450253336503,-0.073189249900314,0.237079300567615,0.113309041064259,1.04800366243456,0.297169227701236,0.534109004450439,-4.65602567150284,0.0819450253336503,0.297169227701236,0.534109004450439,"Glycerolipids","Triacylglycerols","TG(53:0)",NA,NA,"Triacylglycerols","ns"
"TG44",0.574285632539171,0.0396236437092923,1.10894762136905,0.857676072376377,2.13114245800634,0.035541979553389,0.363239758682158,-3.864407080526,0.574285632539171,0.035541979553389,0.363239758682158,"Glycerolipids","Triacylglycerols","TG(53:1)",NA,NA,"Triacylglycerols","Triacylglycerols"
"TG45",0.439515149781342,0.0347545111800728,0.844275788382611,0.949987691951013,2.15446486898133,0.0336183149747183,0.363239758682158,-3.84203064012698,0.439515149781342,0.0336183149747183,0.363239758682158,"Glycerolipids","Triacylglycerols","TG(53:2)",NA,NA,"Triacylglycerols","Triacylglycerols"
"TG46",0.40268111118754,0.0245243333159005,0.780837889059179,1.01841062379474,2.11277480512993,0.03712338149349,0.363239758682158,-3.88188123778635,0.40268111118754,0.03712338149349,0.363239758682158,"Glycerolipids","Triacylglycerols","TG(53:3)",NA,NA,"Triacylglycerols","Triacylglycerols"
"TG47",0.41648121873903,-0.082645148216802,0.915607585694861,0.45260592926225,1.65557457709299,0.10095975572017,0.378892483690515,-4.27330741874962,0.41648121873903,0.10095975572017,0.378892483690515,"Glycerolipids","Triacylglycerols","TG(54:0)","HMDB05393","C00422","Triacylglycerols","ns"
"TG48",0.622963859272543,0.0425607531901243,1.20336696535496,0.351101674540979,2.1295947327688,0.0356729458779694,0.363239758682158,-3.86588457328609,0.622963859272543,0.0356729458779694,0.363239758682158,"Glycerolipids","Triacylglycerols","TG(54:1)",NA,NA,"Triacylglycerols","Triacylglycerols"
"TG49",0.426475592501109,0.0431146393231171,0.809836545679101,0.335842539546741,2.20724298278427,0.0295958630254045,0.363239758682158,-3.79061938616703,0.426475592501109,0.0295958630254045,0.363239758682158,"Glycerolipids","Triacylglycerols","TG(54:2)",NA,NA,"Triacylglycerols","Triacylglycerols"
"TG50",0.212396752416432,-0.0177714577305509,0.442564962563416,0.113131870686652,1.83084045028472,0.0701092865271882,0.376009149902697,-4.1332963247828,0.212396752416432,0.0701092865271882,0.376009149902697,"Glycerolipids","Triacylglycerols","TG(54:3)",NA,NA,"Triacylglycerols","ns"
"TG51",0.210535619794303,-0.0439549763331239,0.465026215921731,0.0989912819676358,1.64135231390812,0.103873225982922,0.381843830725952,-4.28408237203357,0.210535619794303,0.103873225982922,0.381843830725952,"Glycerolipids","Triacylglycerols","TG(54:4)",NA,NA,"Triacylglycerols","ns"
"TG52",0.21033517553642,-0.0743876445665524,0.495057995639392,-0.0449634333870719,1.46569978750967,0.145879179634642,0.389159908404715,-4.41029388420076,0.21033517553642,0.145879179634642,0.389159908404715,"Glycerolipids","Triacylglycerols","TG(54:5)",NA,NA,"Triacylglycerols","ns"
"TG53",0.371434479088771,0.00936605942413138,0.73350289875341,1.4122132211806,2.03542642648586,0.0444674705436731,0.363239758682158,-3.95401983819863,0.371434479088771,0.0444674705436731,0.363239758682158,"Glycerolipids","Triacylglycerols","TG(54:5)",NA,NA,"Triacylglycerols","Triacylglycerols"
"TG54",0.411911215321314,-0.0732579629744445,0.897080393617073,0.246503574702682,1.68451255926332,0.0952180564909643,0.378892483690515,-4.25108084015952,0.411911215321314,0.0952180564909643,0.378892483690515,"Glycerolipids","Triacylglycerols","TG(54:6)",NA,NA,"Triacylglycerols","ns"
"TG55",0.331820817676412,-0.00782972596618536,0.67147136131901,1.02617349822173,1.93836319459583,0.0554136990756145,0.363239758682158,-4.0411944801491,0.331820817676412,0.0554136990756145,0.363239758682158,"Glycerolipids","Triacylglycerols","TG(54:6)",NA,NA,"Triacylglycerols","ns"
"TG56",0.498256054633208,-0.0848471670934644,1.08135927635988,0.184665300036157,1.69539533404105,0.0931286595416499,0.378892483690515,-4.24263083308611,0.498256054633208,0.0931286595416499,0.378892483690515,"Glycerolipids","Triacylglycerols","TG(54:7)",NA,NA,"Triacylglycerols","ns"
"TG59",0.632497915432626,0.0882554772230181,1.17674035364223,0.523470505081209,2.30584725230612,0.0231950382733965,0.363239758682158,-3.69172773797079,0.632497915432626,0.0231950382733965,0.363239758682158,"Glycerolipids","Triacylglycerols","TG(56:1)",NA,NA,"Triacylglycerols","Triacylglycerols"
"TG60",0.560644355288176,0.0766755495249507,1.0446131610514,0.516904267938984,2.29844398238641,0.0236293115918646,0.363239758682158,-3.69927977540375,0.560644355288176,0.0236293115918646,0.363239758682158,"Glycerolipids","Triacylglycerols","TG(56:2)",NA,NA,"Triacylglycerols","Triacylglycerols"
"TG61",0.398714632840425,0.0346563672804232,0.762772898400427,0.379473102256188,2.17297694545995,0.0321564014211988,0.363239758682158,-3.8241198595502,0.398714632840425,0.0321564014211988,0.363239758682158,"Glycerolipids","Triacylglycerols","TG(56:3)",NA,NA,"Triacylglycerols","Triacylglycerols"
"TG62",0.29227686642037,-0.0465009358126313,0.631054668653372,1.17647861550534,1.71176182220314,0.0900569061045097,0.378892483690515,-4.22982937580787,0.29227686642037,0.0900569061045097,0.378892483690515,"Glycerolipids","Triacylglycerols","TG(56:5)",NA,NA,"Triacylglycerols","ns"
"TG63",0.330964521702205,-0.0118398411981816,0.673768884602591,0.653184618079878,1.91557402979717,0.05829120178463,0.363239758682158,-4.06111451625588,0.330964521702205,0.05829120178463,0.363239758682158,"Glycerolipids","Triacylglycerols","TG(56:5)",NA,NA,"Triacylglycerols","ns"
"TG64",0.273549712792176,-0.0154099247316891,0.562509350316042,0.978576364188046,1.878254649111,0.063270510952637,0.363239758682158,-4.09326023484511,0.273549712792176,0.063270510952637,0.363239758682158,"Glycerolipids","Triacylglycerols","TG(56:6)",NA,NA,"Triacylglycerols","ns"
"TG65",0.253369992886332,-0.0363468476549654,0.543086833427629,0.39338860418075,1.7351492306141,0.0858066896973625,0.378892483690515,-4.21132774054446,0.253369992886332,0.0858066896973625,0.378892483690515,"Glycerolipids","Triacylglycerols","TG(56:7)",NA,NA,"Triacylglycerols","ns"
"TG66",0.261810460706814,-0.0657349982837621,0.589355919697389,3.0957726929419,1.58591260815107,0.115933236018184,0.382594809159304,-4.32535931600431,0.261810460706814,0.115933236018184,0.382594809159304,"Glycerolipids","Triacylglycerols","TG(56:7)",NA,NA,"Triacylglycerols","ns"
"TG67",0.349051203930541,-0.0142832926262031,0.712385700487285,-0.183658050870997,1.90610291893651,0.0595236271636454,0.363239758682158,-4.06933150045816,0.349051203930541,0.0595236271636454,0.363239758682158,"Glycerolipids","Triacylglycerols","TG(56:8)",NA,NA,"Triacylglycerols","ns"
"TG68",0.412782134145739,0.0140677866807234,0.811496481610755,2.44543818275266,2.05410608014968,0.0425883653897052,0.363239758682158,-3.93681365757964,0.412782134145739,0.0425883653897052,0.363239758682158,"Glycerolipids","Triacylglycerols","TG(56:8)",NA,NA,"Triacylglycerols","Triacylglycerols"
"TG69",0.628047624268617,0.0996932369961189,1.15640201154112,0.266845329944022,2.35847403240413,0.0203056675526323,0.363239758682158,-3.63745486989319,0.628047624268617,0.0203056675526323,0.363239758682158,"Glycerolipids","Triacylglycerols","TG(58:1)",NA,NA,"Triacylglycerols","Triacylglycerols"
"TG70",0.615987705821861,0.11555748974621,1.11641792189751,0.249283099549456,2.44226260378616,0.0163601120223607,0.363239758682158,-3.54893900391727,0.615987705821861,0.0163601120223607,0.363239758682158,"Glycerolipids","Triacylglycerols","TG(58:2)",NA,NA,"Triacylglycerols","Triacylglycerols"
"TG71",0.561076691253326,0.0806733932487625,1.04147998925789,0.324078589009038,2.31728839547926,0.0225377374036005,0.363239758682158,-3.68001639710973,0.561076691253326,0.0225377374036005,0.363239758682158,"Glycerolipids","Triacylglycerols","TG(58:3)",NA,NA,"Triacylglycerols","Triacylglycerols"
"TG72",0.455059048415399,0.0407645721739739,0.869353524656824,0.0613965080397844,2.17932725957443,0.0316678112078208,0.363239758682158,-3.81794542106577,0.455059048415399,0.0316678112078208,0.363239758682158,"Glycerolipids","Triacylglycerols","TG(58:4)",NA,NA,"Triacylglycerols","Triacylglycerols"
"TG73",0.350520647590384,0.00714702166237186,0.693894273518396,1.29657713997884,2.02539862408035,0.045505213391001,0.363239758682158,-3.96319975576641,0.350520647590384,0.045505213391001,0.363239758682158,"Glycerolipids","Triacylglycerols","TG(58:6)",NA,NA,"Triacylglycerols","Triacylglycerols"
"TG74",0.414844046269909,0.0146293578225252,0.815058734717292,1.21831713658921,2.05662768418621,0.0423399984282849,0.363239758682158,-3.93448041869558,0.414844046269909,0.0423399984282849,0.363239758682158,"Glycerolipids","Triacylglycerols","TG(58:7)",NA,NA,"Triacylglycerols","Triacylglycerols"
"TG75",0.229323575951938,-0.0323121482089076,0.490959300112784,1.12940737259733,1.73900019200048,0.0851193610552133,0.378892483690515,-4.20824902915881,0.229323575951938,0.0851193610552133,0.378892483690515,"Glycerolipids","Triacylglycerols","TG(58:8)",NA,NA,"Triacylglycerols","ns"
"TG76",0.273737550706004,-0.0471969760096456,0.594672077421653,0.715840525036852,1.69231722551763,0.0937158060157187,0.378892483690515,-4.24502589838066,0.273737550706004,0.0937158060157187,0.378892483690515,"Glycerolipids","Triacylglycerols","TG(58:9)",NA,NA,"Triacylglycerols","ns"
"TG77",0.29774416566734,-0.0597819703379757,0.655270301672655,-0.0666234663981813,1.65233957485898,0.101618673786728,0.378892483690515,-4.27577019320419,0.29774416566734,0.101618673786728,0.378892483690515,"Glycerolipids","Triacylglycerols","TG(58:10)",NA,NA,"Triacylglycerols","ns"
"TG80",0.553105197256122,0.086728527404252,1.01948186710799,-0.290729034455825,2.35306954018801,0.0205869485129512,0.363239758682158,-3.64307575976252,0.553105197256122,0.0205869485129512,0.363239758682158,"Glycerolipids","Triacylglycerols","TG(60:2)",NA,NA,"Triacylglycerols","Triacylglycerols"
"TG81",0.497912668991463,0.0577288254578792,0.938096512525046,-0.429588720454469,2.24431038075831,0.0270281569000893,0.363239758682158,-3.75387533559362,0.497912668991463,0.0270281569000893,0.363239758682158,"Glycerolipids","Triacylglycerols","TG(60:3)",NA,NA,"Triacylglycerols","Triacylglycerols"
"TG83",0.369431590889113,-0.00493952270764675,0.743802704485874,0.99037420035303,1.95792268659832,0.0530407042138563,0.363239758682158,-4.02393069525988,0.369431590889113,0.0530407042138563,0.363239758682158,"Glycerolipids","Triacylglycerols","TG(53:4)",NA,NA,"Triacylglycerols","ns"
"TG84",0.434268927803894,-0.146162735497294,1.01470059110508,0.84098407457825,1.48447025703704,0.1408463555758,0.389159908404715,-4.39744692973711,0.434268927803894,0.1408463555758,0.389159908404715,"Glycerolipids","Triacylglycerols","TG(45:1)",NA,NA,"Triacylglycerols","ns"
